Pressure,CO2 Weld Flow,Feed,Primary Weld Current,Wire Consumed,Secondary Weld Voltage
1.92,-0.01,0.0,0.0,1.15,0.0
1.83,-0.01,0.0,0.0,1.31,0.0
1.83,0.01,0.0,0.0,1.31,0.0
1.83,-0.03,0.0,0.0,1.31,0.0
1.83,0.01,0.0,0.0,1.48,0.0
1.83,-0.02,0.0,0.0,1.64,0.0
1.83,0.0,0.0,0.0,1.64,0.0
1.83,0.0,0.0,0.0,1.64,0.0
1.83,0.01,0.0,0.0,1.64,0.0
1.83,0.01,1.64,0.0,1.64,0.0
1.8,-0.01,1.64,0.0,1.64,0.0
1.8,0.0,1.64,0.0,1.64,0.0
1.8,0.0,1.64,0.0,1.64,0.0
1.8,-0.01,1.64,0.0,1.64,0.0
1.8,0.01,1.64,0.0,1.64,0.0
1.8,0.0,1.64,0.0,1.64,0.0
1.8,0.02,0.82,0.0,1.64,0.0
1.88,0.0,0.82,0.0,1.64,0.0
1.88,0.02,0.82,0.0,1.64,0.0
1.88,0.0,0.82,0.0,1.64,0.0
1.88,0.0,0.82,0.0,1.64,0.0
1.88,-0.01,0.82,0.0,1.64,0.0
1.88,-0.03,0.82,0.0,1.64,0.0
1.88,0.0,0.82,0.0,1.64,0.0
1.88,-0.01,0.82,0.0,1.64,0.0
1.88,0.02,0.82,0.0,1.64,0.0
1.88,0.0,0.55,0.0,1.64,0.0
1.92,0.0,0.55,0.0,1.64,0.0
1.92,-0.01,0.55,0.0,1.64,0.0
1.92,-0.02,0.55,0.0,1.64,0.0
1.92,0.0,0.55,0.0,1.64,0.0
1.92,0.01,0.55,0.0,1.64,0.0
1.92,-0.02,0.55,0.0,1.64,0.0
1.92,-0.01,0.55,0.0,1.64,0.0
1.92,-0.01,0.55,0.0,1.64,0.0
1.92,0.0,0.41,0.0,1.64,0.0
1.84,0.02,0.41,0.0,1.64,0.0
1.84,0.0,0.41,0.0,1.64,0.0
1.84,0.0,0.41,0.0,1.64,0.0
1.84,-0.02,0.41,0.0,1.64,0.0
1.84,-0.02,0.41,0.0,1.64,0.0
1.84,-0.02,0.41,0.0,1.64,0.0
1.84,-0.02,0.41,0.0,1.64,0.0
1.84,-0.01,0.41,0.0,1.64,0.0
1.84,0.01,0.33,1.69,1.64,0.03
1.81,0.03,0.33,1.11,1.64,0.08
1.81,0.0,0.36,1.65,1.8,0.05
1.81,0.01,0.36,1.64,1.8,0.06
1.81,-0.03,0.36,2.3,1.8,0.01
1.81,-0.01,0.36,2.16,1.8,0.01
1.81,-0.01,0.36,1.93,1.8,11.3
1.81,0.0,0.39,3.1,1.97,40.23
1.81,0.0,0.46,3.35,2.3,40.23
1.81,-0.01,0.44,3.11,2.62,40.23
0.6,0.0,0.49,3.03,2.95,40.23
0.6,0.0,0.63,209.36,3.77,31.41
0.6,0.02,0.82,259.53,4.92,20.98
0.6,0.0,0.93,256.73,5.57,18.36
0.6,0.0,0.98,267.79,5.9,17.27
0.6,-0.01,1.07,278.31,6.39,17.01
0.6,0.0,1.23,293.31,7.38,16.61
0.6,0.0,1.37,290.89,8.2,16.87
0.6,1.7,1.33,295.14,9.34,16.36
0.28,3.24,1.48,295.23,10.33,16.86
0.28,3.83,1.62,293.46,11.31,17.07
0.28,4.59,1.8,298.48,12.62,17.13
0.28,5.22,1.94,301.88,13.61,16.88
0.28,5.9,2.11,285.35,14.75,17.0
0.28,6.56,2.32,294.81,16.23,16.89
0.28,7.18,2.48,299.6,17.38,17.08
0.28,7.97,2.69,288.96,18.85,17.54
0.28,8.61,2.79,275.86,19.51,17.13
0.13,9.34,2.56,282.18,20.49,17.6
0.13,9.97,2.68,301.35,21.48,16.64
0.13,10.74,2.85,294.14,22.79,17.23
0.13,11.4,2.91,260.39,23.28,16.98
0.13,12.1,3.07,279.8,24.59,17.43
0.13,12.75,3.2,290.81,25.57,17.51
0.13,13.43,3.3,281.55,26.39,17.12
0.13,14.09,3.46,286.23,27.7,17.38
0.13,14.63,3.59,293.25,28.69,16.67
0.1,15.19,3.32,292.3,29.84,17.47
0.1,15.61,3.41,296.45,30.66,16.98
0.1,16.03,3.55,285.13,31.97,16.92
0.1,16.33,3.61,272.44,32.46,17.81
0.1,16.65,3.7,274.19,33.28,17.73
0.1,16.93,3.81,271.24,34.26,17.94
0.1,17.16,3.93,271.43,35.41,18.09
0.1,17.34,4.08,274.74,36.72,17.4
0.17,17.53,3.79,283.13,37.87,17.14
0.17,17.63,3.87,288.33,38.69,17.78
0.17,17.67,3.97,280.25,39.67,17.52
0.17,17.69,4.11,286.66,41.15,17.62
0.17,17.66,4.13,292.5,41.31,17.51
0.17,17.63,4.2,285.66,41.97,17.26
0.17,17.57,4.25,272.28,42.46,17.64
0.17,17.5,4.36,285.7,43.61,17.81
0.17,17.45,4.02,277.14,44.26,17.82
0.21,17.35,4.13,276.39,45.41,18.45
0.21,17.22,4.22,279.25,46.39,17.7
0.21,17.12,4.26,280.38,46.89,18.19
0.21,16.95,4.37,262.46,48.03,17.45
0.21,16.79,4.44,273.26,48.85,18.03
0.21,16.62,4.53,277.6,49.84,18.48
0.21,16.41,4.62,281.11,50.82,17.36
0.21,16.19,4.65,282.16,51.15,17.34
0.21,16.01,4.3,273.1,51.64,17.1
0.13,15.81,4.4,281.86,52.79,17.25
0.13,15.59,4.47,279.78,53.61,17.52
0.13,15.33,4.58,290.4,54.92,17.89
0.13,15.08,4.63,270.9,55.57,17.68
0.13,14.87,4.7,293.84,56.39,17.28
0.13,14.62,4.77,272.38,57.21,17.57
0.13,14.42,4.86,284.63,58.36,17.65
0.13,14.24,4.92,279.95,59.02,18.18
0.13,14.05,4.59,277.75,59.67,16.95
0.11,13.87,4.64,252.15,60.33,18.5
0.11,13.72,4.73,261.29,61.48,18.01
0.11,13.49,4.79,262.06,62.3,17.59
0.11,13.34,4.87,265.21,63.28,17.42
0.11,13.19,4.93,256.38,64.1,17.78
0.11,13.01,5.02,264.94,65.25,18.07
0.11,12.83,5.11,266.14,66.39,18.47
0.11,12.7,5.15,258.61,66.89,17.43
0.11,12.6,4.84,262.86,67.7,18.49
0.17,12.42,4.92,265.89,68.85,18.4
0.17,12.31,4.96,272.63,69.51,18.35
0.17,12.18,5.02,261.59,70.33,18.0
0.17,12.07,5.08,269.01,71.15,18.73
0.17,11.98,5.15,257.28,72.13,17.91
0.17,11.89,5.21,261.06,72.95,17.91
0.17,11.79,5.27,272.39,73.77,18.22
0.17,11.7,5.33,267.21,74.59,17.08
0.17,11.66,5.02,272.35,75.25,17.29
0.2,11.57,5.09,286.84,76.39,17.97
0.2,11.49,5.14,273.56,77.05,18.34
0.2,11.38,5.19,279.93,77.87,18.18
0.2,11.34,5.23,288.89,78.52,17.79
0.2,11.29,5.3,276.03,79.51,17.57
0.2,11.22,5.38,278.08,80.66,17.69
0.2,11.22,5.43,278.61,81.48,17.97
0.2,11.17,5.49,275.38,82.3,17.78
0.2,11.11,5.22,267.93,83.44,18.18
0.14,11.05,5.27,282.1,84.26,17.89
0.14,11.01,5.32,277.84,85.08,18.63
0.14,10.99,5.36,273.44,85.74,17.84
0.14,10.93,5.43,281.66,86.89,18.02
0.14,10.9,5.48,276.98,87.7,17.89
0.14,10.87,5.52,275.8,88.36,17.04
0.14,10.87,5.59,287.29,89.51,18.85
0.14,10.83,5.67,285.9,90.66,18.1
0.14,10.84,5.37,278.86,91.31,17.75
0.1,10.8,5.43,284.85,92.3,17.47
0.1,10.81,5.5,285.66,93.44,17.89
0.1,10.78,5.54,287.59,94.26,17.82
0.1,10.77,5.57,270.9,94.75,17.9
0.1,10.76,5.6,271.39,95.25,18.12
0.1,10.72,5.65,281.79,96.07,18.47
0.1,10.73,5.7,271.49,96.89,17.65
0.1,10.73,5.73,272.94,97.38,18.73
0.1,10.77,5.47,293.49,98.52,17.74
0.17,10.74,5.51,278.9,99.18,17.67
0.17,10.72,5.54,276.38,99.67,17.21
0.17,10.74,5.59,272.31,100.66,17.38
0.17,10.72,5.63,279.99,101.31,18.02
0.17,10.71,5.66,272.36,101.97,17.81
0.17,10.72,5.73,289.71,103.11,18.02
0.17,10.73,5.77,268.14,103.77,17.65
0.17,10.74,5.83,275.74,104.92,18.15
0.17,10.74,5.56,263.25,105.57,17.24
0.2,10.73,5.59,273.78,106.23,18.43
0.2,10.72,5.64,270.56,107.21,17.71
0.2,10.72,5.69,287.01,108.2,18.78
0.2,10.76,5.74,272.35,109.02,18.07
0.2,10.74,5.79,270.83,110.0,18.61
0.2,10.76,5.87,274.65,111.48,17.6
0.2,10.77,5.93,299.88,112.62,18.56
0.2,10.78,5.96,247.98,113.28,17.96
0.2,10.78,5.7,248.2,114.1,17.96
0.13,10.8,5.74,273.71,114.75,17.65
0.13,10.83,5.77,267.58,115.41,18.14
0.13,10.87,5.85,277.94,117.05,17.38
0.13,10.86,5.88,268.96,117.54,18.18
0.13,10.85,5.93,270.33,118.52,17.72
0.13,10.9,5.97,257.83,119.34,18.36
0.13,10.91,6.02,255.2,120.33,18.48
0.13,10.9,5.77,262.66,121.15,17.86
0.1,10.91,5.82,267.73,122.13,18.32
0.1,10.92,5.85,264.53,122.95,18.42
0.1,10.94,5.89,276.41,123.77,18.13
0.1,10.95,5.93,271.6,124.59,17.46
0.1,10.96,5.96,274.06,125.25,17.74
0.1,11.0,6.0,268.31,125.9,18.18
0.1,11.0,6.03,274.79,126.72,17.98
0.1,11.01,6.06,268.81,127.21,18.35
0.1,11.02,5.83,278.96,128.36,18.49
0.16,10.99,5.86,264.83,128.85,17.69
0.16,11.03,5.86,269.14,129.02,17.5
0.16,11.04,5.9,274.93,129.84,17.4
0.16,11.08,5.94,275.43,130.66,18.24
0.16,11.08,5.98,268.18,131.64,18.68
0.16,11.11,6.01,266.69,132.3,17.39
0.16,11.14,6.05,256.64,133.11,18.29
0.16,11.18,6.08,260.71,133.77,17.8
0.16,11.18,5.84,259.05,134.43,17.09
0.2,11.21,5.87,262.45,135.08,17.53
0.2,11.18,5.89,253.58,135.57,17.7
0.2,11.21,5.93,259.55,136.39,17.86
0.2,11.24,5.95,254.86,136.89,18.05
0.2,11.24,5.97,259.61,137.21,17.62
0.2,11.28,5.97,260.9,137.38,17.5
0.2,11.25,5.99,259.44,137.7,17.87
0.2,11.27,5.99,257.29,137.87,17.84
0.2,11.31,6.04,263.69,138.85,17.92
0.2,11.31,5.82,253.03,139.67,17.47
0.15,11.31,5.85,262.36,140.49,17.52
0.15,11.32,5.86,257.7,140.66,17.77
0.15,11.33,5.87,258.94,140.98,17.93
0.15,11.36,5.89,266.96,141.31,17.41
0.15,11.39,5.92,278.33,141.97,17.86
0.15,11.4,5.92,268.91,142.13,18.0
0.15,11.43,5.95,266.18,142.79,18.0
0.15,11.42,6.0,277.63,143.93,18.58
0.15,11.43,5.79,269.18,144.75,18.26
0.09,11.43,5.82,274.85,145.41,17.35
0.09,11.45,5.84,270.15,146.07,18.2
0.09,11.42,5.9,273.64,147.38,18.27
0.09,11.46,5.93,269.28,148.2,17.9
0.09,11.48,5.93,271.39,148.36,17.3
0.09,11.52,5.97,258.46,149.18,17.45
0.09,11.53,5.99,257.23,149.67,17.77
0.09,11.53,6.03,265.08,150.66,18.66
0.09,11.56,5.8,248.93,150.82,18.0
0.14,11.55,5.81,260.66,151.15,17.8
0.14,11.6,5.84,257.35,151.8,17.81
0.14,11.57,5.86,268.91,152.46,18.12
0.14,11.57,5.88,265.0,152.95,17.99
0.14,11.58,5.89,268.66,153.11,17.38
0.14,11.64,5.9,271.48,153.44,18.1
0.14,11.63,5.93,278.96,154.1,17.38
0.14,11.66,5.95,271.64,154.75,18.16
0.14,11.66,5.76,268.84,155.41,18.2
0.2,11.66,5.77,276.71,155.9,17.22
0.2,11.66,5.81,277.35,156.89,18.23
0.2,11.69,5.85,282.29,157.87,17.54
0.2,11.71,5.89,278.34,159.02,18.44
0.2,11.71,5.91,250.36,159.51,17.97
0.2,11.75,5.93,258.1,160.16,17.74
0.2,11.74,5.96,263.4,160.98,17.69
0.2,11.81,5.97,259.29,161.15,17.63
0.2,11.82,5.77,261.05,161.64,17.13
0.16,11.81,5.79,261.18,162.13,17.8
0.16,11.82,5.82,277.85,162.95,17.87
0.16,11.81,6.14,278.94,171.8,18.34
0.16,11.81,6.64,262.06,185.9,18.57
0.16,11.83,7.24,272.26,202.79,18.21
0.16,11.84,7.73,251.74,216.56,17.57
0.16,11.87,8.3,251.21,232.3,17.92
0.16,11.87,8.79,269.95,246.07,17.72
0.16,11.93,9.03,267.53,261.8,17.37
0.11,11.89,9.53,270.23,276.39,17.78
0.11,11.92,10.06,267.14,291.64,18.33
0.11,11.9,10.63,299.28,308.2,17.79
0.11,11.93,11.13,270.26,322.79,18.41
0.11,11.9,11.67,276.55,338.52,17.98
0.11,11.95,12.19,261.78,353.44,18.04
0.11,11.95,12.76,277.69,370.16,18.23
0.11,11.97,13.39,276.29,388.36,17.43
0.11,11.93,13.61,259.93,408.2,17.85
0.16,11.92,14.17,271.21,425.25,17.93
0.16,11.94,14.85,280.04,445.41,18.6
0.16,11.96,15.59,285.04,467.7,17.71
0.16,11.93,15.82,267.21,474.59,18.21
0.16,11.92,16.28,270.19,488.52,17.5
0.16,11.94,16.8,275.99,503.93,18.12
0.16,11.94,17.22,269.93,516.72,17.91
0.16,11.93,17.8,268.85,533.93,17.33
0.16,11.93,17.73,270.8,549.67,17.51
0.19,11.96,18.31,271.71,567.54,17.68
0.19,11.96,18.79,269.53,582.62,17.53
0.19,11.92,19.31,270.94,598.69,17.43
0.19,11.9,19.79,275.69,613.44,17.63
0.19,11.89,20.21,275.19,626.56,17.95
0.19,11.91,20.72,277.05,642.3,17.64
0.19,11.91,21.2,274.6,657.05,18.5
0.19,11.94,21.72,274.09,673.44,18.02
0.19,11.93,21.47,280.33,687.05,18.36
0.15,11.91,21.98,295.85,703.28,18.19
0.15,11.91,22.37,216.36,715.9,18.12
0.15,11.89,22.75,39.25,727.87,33.97
0.15,11.88,22.86,0.0,731.64,0.0
0.15,11.87,22.94,0.0,733.93,0.0
0.15,11.87,22.98,0.0,735.41,0.0
0.15,11.86,22.99,0.0,735.74,0.0
0.15,11.88,23.01,0.0,736.23,0.0
0.15,11.88,22.31,0.0,736.39,0.0
0.18,11.89,22.31,0.0,736.39,0.0
0.18,11.9,22.31,0.0,736.39,0.0
0.18,11.89,22.31,0.0,736.39,0.0
0.18,11.88,22.31,0.0,736.39,0.0
0.18,11.85,22.31,0.0,736.39,0.0
0.18,11.85,22.31,0.0,736.39,0.0
0.18,11.83,22.31,0.0,736.39,0.0
0.18,11.81,22.31,0.0,736.39,0.0
0.18,11.76,21.66,0.0,736.39,0.0
0.9,11.64,21.66,0.0,736.39,0.0
0.9,11.49,21.66,0.0,736.39,0.0
0.9,11.24,21.66,0.0,736.39,0.0
0.9,11.0,21.66,0.0,736.39,0.0
0.9,10.56,21.66,0.0,736.39,0.0
0.9,10.2,21.66,0.0,736.39,0.0
0.9,9.75,21.66,0.0,736.39,0.0
0.9,9.26,21.66,0.0,736.39,0.0
0.9,8.73,21.04,0.0,736.39,0.0
1.5,8.16,21.04,0.0,736.39,0.0
1.5,7.6,21.04,0.0,736.39,0.0
1.5,6.99,21.04,0.0,736.39,0.0
1.5,6.53,21.04,0.0,736.39,0.0
1.5,5.93,21.04,0.0,736.39,0.0
1.5,5.47,21.04,0.0,736.39,0.0
1.5,4.94,21.04,0.0,736.39,0.0
1.5,4.52,21.04,0.0,736.39,0.0
1.5,4.07,20.46,0.0,736.39,0.0
1.77,3.73,20.46,0.0,736.39,0.0
1.77,3.39,20.46,0.0,736.39,0.0
1.77,3.05,20.46,0.0,736.39,0.0
1.77,2.8,20.46,0.0,736.39,0.0
1.77,0.0,20.46,0.0,736.39,0.0
1.77,-0.02,20.46,0.0,736.39,0.0
1.77,-0.03,20.46,0.0,736.39,0.0
1.77,-0.03,20.46,0.0,736.39,0.0
1.77,-0.01,19.9,0.0,736.39,0.0
1.78,-0.01,19.9,0.0,736.39,0.0
1.78,0.02,19.9,0.0,736.39,0.0
1.78,0.02,19.9,0.0,736.39,0.0
4.38,-0.01,0.02,0.0,0.98,0.0
4.38,0.01,0.02,0.0,1.15,0.0
4.38,0.0,0.02,0.0,1.15,0.0
4.38,0.01,0.02,0.0,1.15,0.0
4.38,-0.01,0.02,0.0,1.31,0.0
4.38,0.0,0.02,0.0,1.48,0.0
4.38,0.0,0.02,0.0,1.48,0.0
4.38,-0.02,0.02,0.0,1.48,0.0
4.38,0.02,0.02,0.0,1.48,0.0
4.38,-0.02,1.48,0.0,1.48,0.0
4.38,0.03,1.48,0.0,1.48,0.0
4.38,-0.03,1.48,0.0,1.48,0.0
4.38,0.01,1.48,0.0,1.48,0.0
4.38,0.0,1.48,0.0,1.48,0.0
4.38,0.03,1.48,0.0,1.48,0.0
4.38,0.0,1.48,0.0,1.48,0.0
4.38,-0.02,1.48,0.0,1.48,0.0
4.39,0.01,0.74,0.0,1.48,0.0
4.39,-0.01,0.74,0.0,1.48,0.0
4.39,-0.03,0.74,0.0,1.48,0.0
4.39,-0.01,0.74,0.0,1.48,0.0
4.39,0.0,0.74,0.0,1.48,0.0
4.39,0.01,0.74,0.0,1.48,0.0
4.39,0.01,0.74,0.0,1.48,0.0
4.39,0.02,0.74,0.0,1.48,0.0
4.39,0.0,0.74,0.0,1.48,0.0
4.4,0.01,0.49,0.0,1.48,0.0
4.4,-0.03,0.49,0.0,1.48,0.0
4.4,-0.02,0.49,0.0,1.48,0.0
4.4,0.0,0.49,0.0,1.48,0.0
4.4,0.0,0.49,0.0,1.48,0.0
4.4,-0.02,0.49,0.0,1.48,0.0
4.4,0.01,0.49,0.0,1.48,0.0
4.4,0.0,0.49,0.0,1.48,0.0
4.4,0.01,0.49,0.0,1.48,0.0
4.39,0.02,0.37,0.0,1.48,0.0
4.39,-0.03,0.37,0.0,1.48,0.0
4.39,0.0,0.37,0.0,1.48,0.0
4.39,0.02,0.37,0.0,1.48,0.0
4.39,-0.03,0.37,0.0,1.48,0.0
4.39,0.01,0.37,0.0,1.48,0.0
4.39,-0.01,0.37,0.0,1.48,0.0
4.39,-0.02,0.37,0.0,1.48,0.0
4.39,-0.02,0.3,2.01,1.48,0.03
4.39,-0.01,0.3,1.75,1.48,0.05
4.39,0.0,0.33,1.88,1.64,0.05
4.39,0.02,0.33,1.23,1.64,0.09
4.39,0.03,0.36,1.25,1.8,0.09
4.39,0.0,0.36,1.71,1.8,0.07
4.39,0.01,0.36,1.8,1.8,0.07
4.39,0.02,0.39,2.83,1.97,40.23
4.39,0.03,0.46,2.88,2.3,40.23
4.39,0.02,0.49,3.06,2.46,40.23
1.65,0.02,0.44,4.85,2.62,40.23
1.65,2.98,0.46,178.25,2.79,28.66
1.65,4.35,0.49,177.91,2.95,20.51
1.65,6.24,0.49,184.49,2.95,18.15
1.65,8.8,0.49,182.95,2.95,17.25
1.65,11.11,0.49,183.56,2.95,17.15
1.65,14.2,0.49,185.66,2.95,16.84
1.65,17.0,0.49,189.59,2.95,16.51
1.65,20.47,0.49,184.55,2.95,16.74
0.49,23.43,0.42,181.6,2.95,16.81
0.49,26.59,0.42,181.04,2.95,17.19
0.49,29.1,0.42,178.19,2.95,16.94
0.49,31.69,0.42,188.65,2.95,16.91
0.49,34.11,0.42,181.19,2.95,17.09
0.49,35.87,0.42,186.09,2.95,16.92
0.49,37.47,0.44,181.68,3.11,17.0
0.49,38.71,0.44,179.88,3.11,17.25
0.49,40.2,0.44,178.11,3.11,17.1
0.16,41.43,0.39,174.93,3.11,17.22
0.16,42.71,0.39,173.49,3.11,17.34
0.16,43.79,0.39,181.53,3.11,17.15
0.16,44.99,0.39,180.19,3.11,17.3
0.16,45.96,0.39,178.63,3.11,17.21
0.16,47.03,0.39,180.86,3.11,17.34
0.16,47.97,0.39,179.79,3.11,17.13
0.16,48.72,0.39,178.53,3.11,17.24
0.16,49.45,0.39,182.75,3.11,17.13
0.11,49.99,0.35,180.46,3.11,17.07
0.11,50.06,0.35,183.44,3.11,16.87
0.11,50.08,0.35,177.79,3.11,16.93
0.11,50.08,0.35,181.28,3.11,17.09
0.11,50.08,0.35,176.14,3.11,17.13
0.11,50.08,0.35,179.2,3.11,17.49
0.11,50.1,0.35,180.93,3.11,17.42
0.11,50.11,0.35,179.11,3.11,17.39
0.11,50.11,0.35,178.53,3.11,17.16
0.1,50.09,0.33,182.34,3.28,17.05
0.1,50.08,0.33,184.5,3.28,17.14
0.1,50.08,0.33,186.73,3.28,16.84
0.1,50.05,0.33,181.58,3.28,17.04
0.1,49.43,0.33,186.86,3.28,16.54
0.1,48.34,0.33,178.79,3.28,16.95
0.1,47.2,0.33,183.75,3.28,17.14
0.1,45.82,0.33,181.66,3.28,17.09
0.1,44.62,0.33,185.46,3.28,16.79
0.07,43.0,0.3,186.63,3.28,16.65
0.07,41.44,0.3,179.14,3.28,16.94
0.07,40.13,0.3,183.5,3.28,16.81
0.07,38.47,0.3,188.04,3.28,16.7
0.07,36.99,0.3,191.05,3.28,16.31
0.07,35.35,0.3,189.03,3.28,16.61
0.07,33.95,0.3,184.59,3.28,16.88
0.07,32.36,0.3,185.23,3.28,16.62
0.07,30.92,0.3,188.5,3.28,16.79
0.1,29.54,0.27,192.53,3.28,16.45
0.1,28.28,0.27,185.3,3.28,16.55
0.1,27.05,0.27,193.3,3.28,16.26
0.1,25.86,0.27,184.55,3.28,16.57
0.1,24.83,0.27,191.3,3.28,16.38
0.1,23.72,0.27,189.43,3.28,16.8
0.1,22.87,0.27,185.11,3.28,17.19
0.1,21.87,0.27,191.86,3.28,16.61
0.1,21.0,0.27,184.75,3.28,16.7
0.08,20.24,0.25,185.25,3.28,16.83
0.08,19.67,0.25,188.01,3.28,16.9
0.08,19.12,0.25,187.18,3.28,17.01
0.08,18.69,0.25,185.9,3.28,16.65
0.08,18.27,0.25,188.3,3.28,16.64
0.08,17.9,0.25,182.46,3.28,16.98
0.08,17.55,0.25,180.84,3.28,17.1
0.08,17.23,0.25,180.39,3.28,17.14
0.08,16.93,0.25,179.81,3.28,17.18
0.08,16.71,0.23,186.18,3.28,17.21
0.08,16.47,0.25,179.53,3.44,17.28
0.08,16.27,0.25,183.4,3.44,17.07
0.08,16.13,0.25,176.25,3.44,17.35
0.08,15.98,0.25,189.45,3.44,16.62
0.08,15.87,0.25,184.44,3.44,16.83
0.08,15.78,0.25,181.64,3.44,17.11
0.08,15.69,0.25,178.56,3.44,17.03
0.08,15.58,0.26,179.5,3.61,17.17
0.08,15.49,0.24,182.74,3.61,16.95
0.08,15.45,0.24,180.76,3.61,17.44
0.08,15.4,0.24,178.93,3.61,16.97
0.08,15.34,0.24,183.41,3.61,16.95
0.08,15.27,0.24,183.55,3.61,16.94
0.08,15.21,0.24,186.04,3.61,16.99
0.08,15.18,0.24,190.71,3.61,16.9
0.08,15.15,0.24,177.25,3.61,17.37
0.08,15.14,0.24,178.04,3.61,17.13
0.08,15.12,0.24,178.75,3.61,17.47
0.08,15.1,0.23,181.79,3.61,17.25
0.08,15.08,0.23,180.59,3.61,17.26
0.08,15.07,0.23,179.54,3.61,17.34
0.08,15.04,0.23,179.64,3.61,17.15
0.08,15.05,0.23,175.18,3.61,17.67
0.08,15.03,0.23,187.8,3.61,16.97
0.08,15.03,0.23,178.25,3.61,17.28
0.08,15.01,0.23,182.34,3.61,17.32
0.08,15.0,0.23,182.19,3.61,17.4
0.08,15.02,0.21,173.89,3.61,17.3
0.08,15.01,0.21,179.83,3.61,17.27
0.08,15.0,0.21,180.54,3.61,17.23
0.08,15.0,0.21,184.8,3.61,17.19
0.08,15.04,0.21,178.63,3.61,17.61
0.08,15.04,0.21,176.64,3.61,17.5
0.08,15.05,0.21,176.89,3.61,17.21
0.08,15.08,0.21,179.49,3.61,17.19
0.08,15.08,0.21,177.18,3.61,17.44
0.06,15.08,0.2,177.39,3.61,17.27
0.06,15.07,0.2,176.28,3.61,17.63
0.06,15.05,0.2,183.89,3.61,17.34
0.06,15.09,0.2,175.3,3.61,17.5
0.06,15.06,0.2,183.93,3.61,17.0
0.06,15.07,0.2,176.73,3.61,17.57
0.06,15.1,0.2,174.74,3.61,17.62
0.06,15.13,0.21,178.94,3.77,17.21
0.06,15.15,0.21,181.13,3.77,17.21
0.05,15.15,0.2,179.45,3.77,17.4
0.05,15.17,0.2,176.19,3.77,17.43
0.05,15.18,0.2,182.05,3.77,17.28
0.05,15.19,0.2,181.06,3.77,17.36
0.05,15.21,0.2,185.2,3.77,17.09
0.05,15.25,0.2,176.4,3.77,17.2
0.05,15.27,0.2,175.15,3.77,17.11
0.05,15.28,0.2,179.38,3.77,17.03
0.05,15.31,0.2,178.11,3.77,17.29
0.05,15.33,0.2,168.24,3.93,17.64
0.05,15.38,0.2,175.29,3.93,17.56
0.05,15.39,0.2,177.19,3.93,17.65
0.05,15.39,0.2,179.93,3.93,17.26
0.05,15.4,0.2,180.13,3.93,17.5
0.05,15.4,0.2,182.68,3.93,17.12
0.05,15.41,0.2,175.5,3.93,17.6
0.05,15.4,0.2,173.16,3.93,17.85
0.05,15.44,0.2,180.38,3.93,17.58
0.06,15.42,0.19,177.84,3.93,17.49
0.06,15.45,0.19,172.68,3.93,17.7
0.06,15.47,0.19,176.3,3.93,17.51
0.06,15.51,0.19,172.89,3.93,17.6
0.06,15.52,0.19,175.58,3.93,17.81
0.06,15.52,0.19,174.68,3.93,17.46
0.06,15.55,0.19,176.66,3.93,17.31
0.06,15.52,0.19,169.68,3.93,17.86
0.06,15.56,0.19,172.96,3.93,17.52
0.07,15.51,0.18,177.21,3.93,17.46
0.07,15.53,0.18,179.06,3.93,17.66
0.07,15.55,0.18,174.49,3.93,17.83
0.07,15.56,0.18,178.68,3.93,17.43
0.07,15.57,0.18,176.14,3.93,17.58
0.07,15.58,0.18,179.31,3.93,17.27
0.07,15.57,0.18,176.23,3.93,17.28
0.07,15.59,0.18,178.36,3.93,17.17
0.07,15.61,0.18,187.98,3.93,17.14
0.06,15.58,0.17,172.45,3.93,17.69
0.06,15.57,0.17,172.43,3.93,17.56
0.06,15.55,0.17,180.0,3.93,17.09
0.06,15.51,0.17,178.43,3.93,17.68
0.06,15.52,0.17,174.2,3.93,17.31
0.06,15.54,0.17,183.01,3.93,17.12
0.06,15.56,0.17,177.76,3.93,17.36
0.06,15.55,0.17,176.0,3.93,17.82
0.06,15.54,0.17,172.06,3.93,17.73
0.02,15.53,0.16,174.23,3.93,17.76
0.02,15.53,0.16,178.94,3.93,17.18
0.02,15.52,0.16,181.29,3.93,17.47
0.02,15.48,0.16,179.03,3.93,17.27
0.02,15.52,0.16,173.4,3.93,17.63
0.02,15.48,0.16,176.41,3.93,17.4
0.02,15.46,0.17,175.64,4.1,17.4
0.02,15.46,0.17,178.31,4.1,17.21
0.02,15.48,0.16,171.76,4.1,17.62
0.02,15.46,0.16,173.71,4.1,17.38
0.02,15.49,0.16,175.0,4.1,17.47
0.02,15.46,0.16,173.0,4.1,17.63
0.02,15.44,0.16,183.8,4.1,17.21
0.02,15.42,0.16,168.05,4.1,17.97
0.02,15.39,0.16,174.3,4.1,17.58
0.02,15.41,0.16,188.38,4.1,17.1
0.02,15.38,0.16,174.25,4.1,17.6
0.02,15.38,0.16,171.11,4.1,17.44
0.02,15.37,0.16,178.93,4.1,17.16
0.02,15.38,0.16,175.61,4.1,17.4
0.02,15.35,0.16,176.6,4.1,17.39
0.02,15.35,0.16,176.48,4.1,17.58
0.02,15.38,0.16,167.19,4.1,18.16
0.02,15.34,0.16,174.78,4.1,17.41
0.02,15.35,0.16,172.8,4.1,17.84
0.02,15.34,0.16,179.19,4.1,17.43
0.03,15.32,0.15,178.19,4.1,17.59
0.03,15.27,0.15,177.65,4.1,17.16
0.03,15.27,0.15,169.56,4.1,18.0
0.03,15.23,0.15,177.95,4.1,17.64
0.03,15.24,0.15,174.36,4.1,17.64
0.03,15.23,0.15,181.11,4.1,17.09
0.03,15.24,0.15,171.23,4.1,17.65
0.03,15.22,0.15,175.23,4.1,17.33
0.03,15.22,0.15,180.59,4.1,17.46
0.02,15.25,0.15,171.11,4.1,17.83
0.02,15.2,0.15,176.06,4.1,17.79
0.02,15.21,0.15,170.29,4.1,17.85
0.02,15.18,0.15,169.23,4.1,17.79
0.02,15.18,0.15,173.76,4.1,17.63
0.02,15.16,0.15,168.88,4.1,18.09
0.02,15.1,0.15,178.48,4.1,17.64
0.02,15.08,0.15,168.5,4.1,17.83
0.02,15.08,0.15,177.95,4.26,17.7
-0.01,15.07,0.15,177.89,4.26,17.42
-0.01,15.05,0.15,171.75,4.26,17.34
-0.01,15.06,0.15,171.66,4.26,17.83
-0.01,15.02,0.15,172.59,4.26,17.44
-0.01,15.0,0.15,172.69,4.26,17.45
-0.01,15.01,0.15,169.73,4.43,17.72
-0.01,14.99,0.15,176.81,4.43,17.68
-0.01,14.97,0.16,171.19,4.59,17.89
-0.01,14.97,0.16,173.58,4.75,17.64
-0.01,14.95,0.16,174.46,4.75,17.73
0.03,14.91,0.16,168.23,4.75,18.0
0.03,14.92,0.16,176.24,4.75,17.64
0.03,14.91,0.16,176.96,4.75,17.57
0.03,14.89,0.16,170.71,4.75,17.73
0.03,14.88,0.16,173.84,4.75,17.41
0.03,14.87,0.16,174.18,4.75,17.63
0.03,14.89,0.16,171.35,4.92,17.57
0.03,14.89,0.16,172.3,4.92,17.65
0.03,14.91,0.16,173.53,4.92,17.36
0.02,14.89,0.16,171.83,4.92,17.95
0.02,14.88,0.16,176.3,4.92,17.77
0.02,14.89,0.16,169.25,4.92,17.96
0.02,14.89,0.16,179.16,4.92,17.31
0.02,14.84,0.16,169.89,4.92,17.63
0.02,14.83,0.16,178.31,5.08,17.78
0.02,14.87,0.16,164.79,5.08,17.95
0.02,14.85,0.16,169.03,5.08,18.03
0.02,14.81,0.16,172.06,5.08,17.58
0.0,14.81,0.16,175.58,5.08,17.44
0.0,14.83,0.16,169.7,5.08,18.01
0.0,14.85,0.16,49.14,5.25,36.94
0.0,14.8,0.16,0.0,5.25,0.0
0.0,14.81,0.16,0.0,5.25,0.0
0.0,14.8,0.17,0.0,5.41,0.0
0.0,14.76,0.17,0.0,5.41,0.0
0.0,14.76,0.17,0.0,5.57,0.0
0.0,14.76,0.18,0.0,5.74,0.0
0.11,14.74,0.18,0.0,5.9,0.0
0.11,14.72,0.18,0.0,5.9,0.0
0.11,14.71,0.18,0.0,5.9,0.0
0.11,14.68,0.18,0.0,5.9,0.0
0.11,14.69,0.18,0.0,5.9,0.0
0.11,14.69,0.18,0.0,5.9,0.0
0.11,14.68,0.18,0.0,5.9,0.0
0.11,14.6,0.18,0.0,5.9,0.0
0.11,14.5,0.18,0.0,5.9,0.0
0.84,14.4,0.17,0.0,5.9,0.0
0.84,14.24,0.17,0.0,5.9,0.0
0.84,13.98,0.17,0.0,5.9,0.0
0.84,13.59,0.17,0.0,5.9,0.0
0.84,13.1,0.17,0.0,5.9,0.0
0.84,12.88,0.17,0.0,5.9,0.0
0.84,12.41,0.17,0.0,5.9,0.0
0.84,11.82,0.17,0.0,5.9,0.0
1.5,11.27,0.17,0.0,5.9,0.0
1.5,10.63,0.17,0.0,5.9,0.0
1.5,10.01,0.17,0.0,5.9,0.0
1.5,9.28,0.17,0.0,5.9,0.0
1.5,8.73,0.17,0.0,5.9,0.0
1.5,8.12,0.17,0.0,5.9,0.0
1.5,7.56,0.17,0.0,5.9,0.0
1.5,6.96,0.17,0.0,5.9,0.0
1.5,6.35,0.17,0.0,5.9,0.0
2.15,5.87,0.16,0.0,5.9,0.0
2.15,5.35,0.16,0.0,5.9,0.0
2.15,4.9,0.16,0.0,5.9,0.0
2.15,4.45,0.16,0.0,5.9,0.0
2.15,4.07,0.16,0.0,5.9,0.0
2.15,3.65,0.16,0.0,5.9,0.0
2.15,3.3,0.16,0.0,5.9,0.0
2.15,2.97,0.16,0.0,5.9,0.0
2.15,2.7,0.16,0.0,5.9,0.0
2.15,0.02,0.16,0.0,5.9,0.0
2.78,0.0,0.16,0.0,5.9,0.0
2.78,0.02,0.16,0.0,5.9,0.0
-0.02,0.0,0.58,0.0,20.49,0.0
-0.02,-0.01,0.58,0.0,21.8,0.0
-0.02,0.0,0.58,0.0,22.46,0.0
-0.02,0.0,0.58,0.0,23.11,0.0
-0.02,0.0,0.58,0.0,23.44,0.0
-0.02,0.0,0.58,0.0,23.93,0.0
-0.02,-0.02,0.58,0.0,24.1,0.0
-0.02,0.0,0.58,0.0,24.1,0.0
-0.02,-0.01,24.1,0.0,24.1,0.0
-0.01,0.02,24.43,0.0,24.43,0.0
-0.01,0.02,24.59,0.0,24.59,0.0
-0.01,-0.01,24.59,0.0,24.59,0.0
-0.01,0.02,24.59,0.0,24.59,0.0
-0.01,0.01,24.59,0.0,24.59,0.0
-0.01,0.02,24.59,0.0,24.59,0.0
-0.01,-0.01,24.59,0.0,24.59,0.0
-0.01,-0.01,12.3,0.0,24.59,0.0
0.05,0.0,12.3,0.0,24.59,0.0
0.05,0.0,12.3,0.0,24.59,0.0
0.05,-0.01,12.3,0.0,24.59,0.0
0.05,-0.01,12.3,0.0,24.59,0.0
0.05,0.0,12.3,0.0,24.59,0.0
0.05,0.02,12.3,0.0,24.59,0.0
0.05,0.03,12.3,0.0,24.59,0.0
0.05,0.0,12.3,0.0,24.59,0.0
0.05,0.01,8.2,0.0,24.59,0.0
0.06,-0.02,8.2,0.0,24.59,0.0
0.06,0.0,8.2,0.0,24.59,0.0
0.06,-0.04,8.2,0.0,24.59,0.0
0.06,-0.02,8.2,0.0,24.59,0.0
0.06,-0.01,8.2,0.0,24.59,0.0
0.06,-0.01,8.2,0.0,24.59,0.0
0.06,0.0,8.2,0.0,24.59,0.0
0.06,0.03,8.2,0.0,24.59,0.0
0.06,0.02,6.15,0.0,24.59,0.0
0.06,0.01,6.15,0.0,24.59,0.0
0.06,0.0,6.15,0.0,24.59,0.0
0.06,0.0,6.15,0.0,24.59,0.0
0.06,-0.01,6.15,0.0,24.59,0.0
0.06,0.01,6.15,0.0,24.59,0.0
0.06,0.01,6.15,0.0,24.59,0.0
0.06,0.0,6.15,0.0,24.59,0.0
0.06,-0.01,6.15,0.0,24.59,0.0
0.06,-0.01,4.92,2.28,24.59,81.9
0.03,0.0,4.92,1.85,24.59,0.0
0.03,0.0,4.92,1.89,24.59,0.0
0.03,0.02,5.05,1.36,25.25,0.05
0.03,0.01,5.08,1.38,25.41,0.04
0.03,0.02,5.11,1.56,25.57,0.04
0.03,0.01,5.21,1.93,26.07,18.05
0.03,0.02,5.34,2.23,26.72,40.23
0.03,0.02,5.48,2.43,27.38,40.23
0.03,0.01,4.62,2.69,27.7,40.23
0.03,0.01,4.86,2.58,29.18,40.23
0.03,0.01,5.38,55.09,32.3,40.23
0.03,-0.02,6.26,160.01,37.54,28.18
0.03,-0.02,7.65,172.49,45.9,21.0
0.03,0.0,8.66,116.44,51.97,20.8
0.03,0.01,9.59,124.78,57.54,19.45
0.03,0.01,11.09,177.0,66.56,17.59
0.03,0.01,12.05,144.81,72.3,18.45
0.03,-0.01,11.31,130.53,79.18,20.04
0.03,-0.01,12.34,107.56,86.39,20.62
0.03,0.01,13.4,155.74,93.77,17.33
0.03,0.01,14.24,172.1,99.67,17.32
0.03,0.02,15.34,117.13,107.38,18.89
0.03,0.0,16.39,121.11,114.75,18.82
0.03,0.01,17.28,137.74,120.98,18.27
0.03,-0.02,18.38,140.58,128.69,17.86
0.03,-0.01,19.3,127.14,135.08,19.66
0.03,-0.02,17.77,136.13,142.13,19.4
0.03,0.0,18.63,138.19,149.02,18.73
0.03,-0.03,19.55,144.76,156.39,18.76
0.03,-0.02,20.29,125.64,162.3,20.1
0.03,-0.01,21.33,153.93,170.66,18.83
0.03,-0.01,22.17,143.64,177.38,18.61
0.03,0.0,23.01,119.01,184.1,20.09
0.03,0.02,23.98,130.73,191.8,20.35
0.03,0.01,24.84,139.43,198.69,19.41
0.03,0.0,22.9,143.41,206.07,19.35
0.0,0.0,23.68,139.61,213.11,18.49
0.0,0.01,24.52,138.15,220.66,17.35
0.0,0.0,25.48,135.18,229.34,18.77
0.0,0.0,26.47,127.19,238.2,18.51
0.0,0.0,27.43,130.61,246.89,19.38
0.0,0.0,28.51,134.06,256.56,19.4
0.0,-0.03,29.6,133.63,266.39,19.71
0.0,0.0,26.97,135.19,269.67,18.97
-0.05,0.0,27.57,130.51,275.74,19.81
-0.05,0.02,28.31,121.0,283.11,20.2
-0.05,0.03,28.98,138.28,289.84,19.17
-0.05,0.0,29.72,115.88,297.21,20.86
-0.05,0.01,30.33,122.93,303.28,20.54
-0.05,0.02,31.15,140.93,311.48,19.41
-0.05,0.03,31.79,157.34,317.87,19.19
-0.05,0.0,32.51,139.14,325.08,19.0
-0.05,0.01,33.16,117.06,331.64,19.88
-0.05,-0.02,30.82,134.7,339.02,19.16
-0.05,-0.01,31.49,144.96,346.39,18.84
-0.05,0.0,32.1,154.45,353.11,18.96
-0.05,-0.01,32.74,121.4,360.16,19.89
-0.05,0.0,33.32,125.19,366.56,19.92
-0.05,0.02,34.04,137.99,374.43,18.65
-0.05,0.03,34.56,138.49,380.16,19.95
-0.05,0.0,35.14,131.93,386.56,19.47
-0.05,-0.01,35.78,131.89,393.61,20.27
-0.05,0.02,33.42,143.4,400.98,18.52
-0.04,0.03,33.91,146.15,406.89,18.91
-0.04,0.0,34.54,132.35,414.43,18.69
-0.04,-0.01,35.15,144.54,421.8,19.24
-0.04,-0.01,35.68,144.36,428.2,18.41
-0.04,-0.02,36.27,134.59,435.25,19.36
-0.04,-0.01,36.79,120.44,441.48,20.21
-0.04,-0.01,37.51,123.21,450.16,19.61
-0.04,-0.01,38.05,159.16,456.56,18.76
-0.04,-0.02,35.67,142.35,463.77,18.51
-0.03,-0.02,36.19,119.83,470.49,19.97
-0.03,-0.01,36.8,143.96,478.36,18.68
-0.03,0.0,37.25,142.93,484.26,18.03
-0.03,0.01,37.77,151.76,490.98,18.76
-0.03,0.01,38.37,112.38,498.85,19.9
-0.03,0.0,38.84,144.16,504.92,18.52
-0.03,0.0,39.38,130.39,511.97,20.21
-0.03,0.01,39.9,129.21,518.69,19.96
-0.03,-0.03,37.54,144.66,525.57,19.73
-0.01,-0.03,37.99,137.23,531.8,20.22
-0.01,0.0,38.55,135.15,539.67,20.67
-0.01,0.0,38.99,152.45,545.9,20.2
-0.01,-0.03,39.48,144.54,552.79,20.14
-0.01,-0.03,39.91,142.91,558.69,19.33
-0.01,-0.01,40.41,124.68,565.74,19.06
-0.01,0.01,40.93,119.28,572.95,19.75
-0.01,0.0,41.39,115.44,579.51,20.48
-0.01,0.01,39.09,152.04,586.39,19.16
0.0,0.02,39.5,149.31,592.46,19.93
0.0,0.0,40.0,130.75,600.0,20.46
0.0,0.0,40.4,113.43,606.07,20.09
0.0,0.01,40.9,85.81,613.44,23.07
0.0,0.01,41.34,89.13,620.16,23.62
0.0,0.0,41.83,125.59,627.38,20.58
0.0,0.0,42.24,170.6,633.61,17.91
0.0,-0.03,42.77,151.79,641.48,20.83
0.0,0.0,40.57,98.74,649.18,22.83
-0.02,-0.01,40.97,133.59,655.57,20.62
-0.02,0.01,41.43,157.28,662.95,19.23
-0.02,0.0,41.83,151.45,669.34,17.75
-0.02,0.03,42.3,115.48,676.72,20.27
-0.02,0.02,42.74,134.33,683.77,19.08
-0.02,0.01,43.29,138.45,692.62,18.55
-0.02,0.0,43.75,134.1,700.0,18.75
-0.02,0.03,44.22,137.09,707.54,19.14
-0.02,0.02,44.56,137.98,712.95,18.87
-0.01,0.0,42.41,164.21,720.98,18.09
-0.01,0.0,42.85,132.13,728.52,19.81
-0.01,-0.02,43.25,137.83,735.25,19.43
-0.01,-0.01,43.61,153.18,741.31,18.39
-0.01,-0.02,44.05,131.59,748.85,19.41
-0.01,0.0,44.51,123.3,756.72,19.45
-0.01,0.0,44.82,145.54,761.97,18.27
-0.01,-0.01,45.3,160.38,770.16,18.24
-0.01,-0.01,45.69,126.26,776.72,18.9
-0.01,0.0,43.52,110.29,783.28,20.4
0.03,0.0,43.86,122.2,789.51,20.07
0.03,0.03,44.27,143.78,796.89,18.58
0.03,0.02,44.6,150.16,802.79,18.83
0.03,0.0,45.0,122.35,810.0,19.26
0.03,-0.02,45.42,131.79,817.54,19.57
0.03,-0.01,45.76,139.14,823.61,19.91
0.03,0.0,46.18,155.03,831.31,18.15
0.03,0.01,46.6,143.4,838.85,19.43
0.06,0.02,44.55,117.49,846.39,19.92
0.06,0.0,45.0,130.78,855.08,19.52
0.06,-0.01,45.44,139.51,863.28,20.01
0.06,0.03,45.94,140.96,872.79,19.41
0.06,-0.01,46.49,143.24,883.28,19.96
0.06,-0.01,47.03,136.28,893.61,19.22
0.06,0.0,45.2,156.66,903.93,18.78
0.06,-0.02,45.33,150.45,906.56,18.75
0.05,-0.02,45.64,136.71,912.79,19.55
0.05,0.0,46.03,127.8,920.66,19.7
0.05,0.0,46.35,128.38,927.05,20.24
0.05,-0.02,46.7,136.1,934.1,20.03
0.05,-0.03,47.02,143.96,940.49,19.87
0.05,-0.02,47.39,133.85,947.71,19.75
0.05,0.0,47.76,120.46,955.25,21.42
0.05,0.0,48.08,121.71,961.64,21.5
0.05,0.03,46.15,132.58,969.18,21.25
0.06,0.02,46.48,147.08,976.07,20.82
0.06,0.01,46.8,141.88,982.79,20.41
0.06,0.0,47.08,107.7,988.69,20.21
0.06,0.03,47.5,117.94,997.54,20.92
0.06,0.02,47.78,146.34,1003.28,19.56
0.06,0.01,48.14,143.66,1010.98,19.31
0.06,0.0,48.47,135.05,1017.87,19.42
0.06,0.0,48.81,124.49,1024.92,19.89
0.06,-0.02,46.94,151.04,1032.79,18.61
0.05,-0.02,47.24,143.34,1039.34,19.73
0.05,0.0,47.59,126.08,1046.89,20.12
0.05,0.0,47.88,134.79,1053.44,20.75
0.05,0.02,48.25,105.13,1061.48,22.07
0.05,0.02,48.54,101.8,1067.87,22.89
0.05,0.0,48.9,80.45,1075.74,23.48
0.05,0.0,49.17,143.29,1081.8,20.38
0.05,0.02,49.5,155.59,1089.02,21.38
0.05,0.02,47.64,116.91,1095.74,22.49
0.04,0.01,47.98,129.93,1103.44,21.84
0.04,0.0,48.3,141.44,1110.82,20.33
0.04,0.0,48.57,157.14,1117.05,18.2
0.04,-0.03,48.89,136.21,1124.43,19.07
0.04,-0.02,49.15,128.16,1130.49,19.59
0.04,0.0,49.49,158.58,1138.36,18.48
0.04,-0.01,49.79,133.61,1145.08,19.8
0.04,-0.01,50.11,124.93,1152.46,19.5
0.04,-0.03,50.38,139.58,1158.85,19.49
0.03,-0.01,48.61,134.94,1166.72,20.12
0.03,0.0,48.87,136.3,1172.79,19.95
0.03,0.02,49.16,124.16,1179.84,20.79
0.03,0.0,49.48,137.59,1187.54,19.81
0.03,0.01,49.75,136.79,1193.93,21.35
0.03,0.01,50.05,146.06,1201.15,19.82
0.03,0.01,50.32,145.66,1207.71,19.71
0.03,-0.03,50.62,144.96,1214.92,19.47
0.03,-0.02,50.88,155.9,1221.15,18.97
0.03,0.0,49.15,105.1,1228.85,20.72
0.02,0.0,49.41,105.51,1235.25,21.4
0.02,-0.04,49.7,154.23,1242.46,19.89
0.02,-0.03,49.93,154.73,1248.36,18.7
0.02,0.0,50.24,136.45,1255.9,20.1
0.02,0.0,50.45,126.08,1261.31,20.51
0.02,0.01,50.76,134.04,1269.02,20.48
0.02,0.01,51.07,143.29,1276.72,19.86
0.02,0.02,51.31,140.48,1282.79,19.96
0.02,0.0,49.63,142.2,1290.33,19.29
0.03,0.01,49.89,130.98,1297.21,21.05
0.03,0.01,50.18,135.01,1304.59,20.74
0.03,0.01,50.43,131.39,1311.15,20.48
0.03,0.01,50.73,146.41,1318.85,19.65
0.03,0.0,50.96,157.38,1325.08,18.64
0.03,-0.03,51.25,137.68,1332.62,19.31
0.03,-0.02,51.49,112.88,1338.85,20.23
0.03,0.0,51.78,132.24,1346.23,20.22
0.03,0.0,50.13,137.38,1353.44,19.62
0.01,0.01,50.36,139.08,1359.84,20.59
0.01,0.02,50.63,116.58,1366.89,21.9
0.01,0.03,50.86,120.4,1373.12,21.24
0.01,0.0,51.15,146.35,1381.15,20.28
0.01,0.01,51.39,132.91,1387.54,20.44
0.01,0.01,51.66,138.03,1394.75,19.79
0.01,0.03,51.88,132.78,1400.82,20.26
0.01,0.0,52.16,148.88,1408.2,19.4
0.01,0.0,50.52,136.91,1414.43,20.55
-0.03,-0.02,50.77,128.98,1421.48,20.8
-0.03,-0.01,51.02,121.93,1428.53,21.25
-0.03,-0.02,51.25,136.01,1434.92,21.16
-0.03,0.0,51.52,154.5,1442.46,19.81
-0.03,0.0,51.75,145.35,1449.02,18.99
-0.03,-0.01,52.03,124.9,1456.89,20.89
-0.03,0.0,52.25,117.53,1463.12,20.56
-0.03,0.01,52.52,147.74,1470.66,20.35
-0.03,0.01,50.93,144.86,1477.05,20.29
-0.04,0.02,51.19,132.79,1484.59,21.62
-0.04,0.03,51.42,119.76,1491.31,21.56
-0.04,0.0,51.69,131.03,1499.02,21.57
-0.04,-0.03,51.94,136.31,1506.39,20.97
-0.04,-0.03,52.16,134.55,1512.62,21.78
-0.04,0.0,52.41,118.54,1519.84,22.09
-0.04,-0.01,52.63,109.08,1526.39,22.13
-0.04,-0.02,52.92,95.73,1534.75,23.34
-0.04,-0.02,51.36,67.03,1540.82,24.68
-0.05,-0.01,51.61,152.76,1548.2,19.06
-0.05,0.0,51.84,158.05,1555.25,23.82
-0.05,0.0,52.09,89.78,1562.79,27.69
-0.05,0.0,52.31,122.24,1569.18,24.32
-0.05,0.02,52.57,158.85,1577.05,20.7
-0.05,0.0,52.83,142.73,1584.92,20.05
-0.05,0.0,53.03,110.73,1590.98,21.11
-0.05,-0.03,53.24,153.0,1597.21,19.36
-0.05,-0.02,53.45,154.44,1603.61,18.5
-0.05,0.01,51.99,120.95,1611.8,20.28
-0.05,0.0,52.2,134.74,1618.2,19.87
-0.05,-0.03,52.43,144.29,1625.41,21.35
-0.05,-0.02,52.63,134.79,1631.48,20.52
-0.05,-0.02,52.86,124.28,1638.53,19.37
-0.05,-0.02,53.06,143.63,1644.92,20.45
-0.05,0.0,53.3,122.75,1652.3,21.14
-0.05,0.02,53.53,132.71,1659.34,21.17
-0.05,0.02,53.73,145.56,1665.74,22.23
-0.05,0.0,52.28,139.7,1673.12,22.45
-0.05,0.0,52.48,134.05,1679.51,25.65
-0.05,0.02,52.72,111.88,1686.89,24.28
-0.05,0.02,52.93,116.31,1693.77,21.9
-0.05,0.01,53.16,141.0,1701.15,20.71
-0.05,0.0,53.36,145.0,1707.54,20.35
-0.05,-0.02,53.59,137.95,1714.92,21.09
-0.05,-0.02,53.8,126.65,1721.48,23.94
-0.05,-0.01,54.04,128.04,1729.18,22.25
-0.05,0.0,52.62,126.43,1736.39,21.85
-0.02,0.0,52.81,137.21,1742.62,20.62
-0.02,0.03,53.03,144.93,1750.0,21.06
-0.02,0.02,53.24,133.31,1756.89,22.02
-0.02,0.0,53.47,134.9,1764.59,23.75
-0.02,0.0,53.65,124.18,1770.49,22.33
-0.02,0.02,53.89,134.56,1778.36,21.53
-0.02,0.02,54.09,138.7,1784.92,21.68
-0.02,0.0,54.3,129.9,1791.8,21.59
-0.02,0.0,52.89,136.43,1798.2,21.33
-0.03,-0.02,53.11,123.45,1805.74,22.69
-0.03,-0.01,53.33,126.09,1813.12,22.0
-0.03,-0.02,53.51,129.25,1819.34,22.31
-0.03,0.0,53.72,120.36,1826.39,25.17
-0.03,-0.01,53.92,104.26,1833.12,24.32
-0.03,-0.01,54.15,117.14,1840.98,22.59
-0.03,-0.02,54.33,104.93,1847.21,23.42
-0.03,0.0,54.55,100.55,1854.75,23.0
-0.03,0.0,53.18,140.16,1861.15,21.08
-0.01,0.02,53.39,99.04,1868.53,23.56
-0.01,0.02,53.57,76.99,1875.08,30.17
-0.01,0.0,53.78,175.11,1882.46,22.41
-0.01,-0.01,54.0,101.06,1890.0,22.69
-0.01,-0.02,54.2,93.95,1897.05,24.72
-0.01,0.0,54.42,130.29,1904.75,22.56
-0.01,-0.03,54.6,163.95,1911.15,20.58
-0.01,-0.02,54.83,136.89,1919.02,21.15
-0.01,0.0,53.49,122.7,1925.57,22.72
-0.01,-0.01,53.69,135.55,1932.95,23.11
-0.01,-0.02,53.86,150.19,1939.02,21.88
-0.01,0.0,54.06,118.49,1946.07,23.53
-0.01,-0.01,54.23,119.65,1952.3,22.32
-0.01,0.02,54.45,121.16,1960.16,25.6
-0.01,0.0,54.66,127.86,1967.71,23.66
-0.01,0.0,54.83,118.36,1973.93,24.78
-0.01,0.0,55.04,109.59,1981.48,23.67
-0.01,-0.01,53.73,131.36,1987.87,23.51
-0.01,0.02,53.93,120.26,1995.57,22.25
-0.01,0.01,54.11,145.34,2002.13,25.35
-0.01,-0.01,54.31,128.81,2009.51,22.91
-0.01,-0.02,54.51,136.99,2016.89,20.88
-0.01,0.0,54.71,126.96,2024.26,23.75
-0.01,-0.01,54.88,142.35,2030.66,20.75
-0.01,0.02,55.0,27.83,2035.08,33.56
-0.01,0.0,55.02,0.0,2035.57,0.0
-0.01,0.0,53.58,0.0,2035.9,0.0
-0.01,0.03,53.58,0.0,2036.07,0.0
-0.01,0.01,53.59,0.0,2036.39,0.0
-0.01,-0.03,53.59,0.0,2036.56,0.0
-0.01,-0.01,53.6,0.0,2036.72,0.0
-0.01,-0.02,53.6,0.0,2036.89,0.0
-0.01,-0.01,53.6,0.0,2036.89,0.0
-0.01,0.0,53.61,0.0,2037.05,0.0
-0.01,0.0,53.61,0.0,2037.05,0.0
-0.01,0.03,52.23,0.0,2037.05,0.0
0.01,0.0,52.23,0.0,2037.05,0.0
0.01,-0.01,52.23,0.0,2037.05,0.0
0.01,0.0,52.23,0.0,2037.05,0.0
0.01,0.0,52.23,0.0,2037.05,0.0
0.01,-0.01,52.23,0.0,2037.05,0.0
0.01,0.03,52.23,0.0,2037.05,0.0
0.01,-0.01,52.23,0.0,2037.05,0.0
0.01,-0.02,50.93,0.0,2037.05,0.0
0.05,0.01,50.93,0.0,2037.05,0.0
0.05,-0.01,50.93,0.0,2037.05,0.0
0.05,0.0,50.93,0.0,2037.05,0.0
0.05,-0.01,50.93,0.0,2037.05,0.0
0.05,0.0,50.93,0.0,2037.05,0.0
0.05,-0.01,50.93,0.0,2037.05,0.0
0.05,0.01,50.93,0.0,2037.05,0.0
0.05,-0.01,50.93,0.0,2037.05,0.0
0.05,0.0,49.68,0.0,2037.05,0.0
0.04,0.0,49.68,0.0,2037.05,0.0
0.04,-0.02,49.68,0.0,2037.05,0.0
0.04,0.02,49.68,0.0,2037.05,0.0
0.04,-0.02,49.68,0.0,2037.05,0.0
0.04,0.03,49.68,0.0,2037.05,0.0
0.04,-0.04,49.68,0.0,2037.05,0.0
0.04,0.02,49.68,0.0,2037.05,0.0
0.04,-0.02,49.68,0.0,2037.05,0.0
0.04,0.02,49.68,0.0,2037.05,0.0
0.04,-0.02,48.5,0.0,2037.05,0.0
0.06,0.01,48.5,0.0,2037.05,0.0
0.06,-0.01,48.5,0.0,2037.05,0.0
0.06,0.01,48.5,0.0,2037.05,0.0
0.06,0.0,48.5,0.0,2037.05,0.0
0.06,0.01,48.5,0.0,2037.05,0.0
0.06,0.0,48.5,0.0,2037.05,0.0
2.69,-0.02,0.0,0.0,1.31,0.0
2.69,-0.04,0.0,0.0,1.48,0.0
2.69,0.0,0.0,0.0,1.48,0.0
2.69,-0.01,0.0,0.0,1.48,0.0
2.69,-0.01,0.0,0.0,1.48,0.0
2.69,0.0,0.0,0.0,1.48,0.0
2.68,-0.01,0.0,0.0,1.48,0.0
2.68,0.01,0.0,0.0,1.48,0.0
2.68,-0.03,1.48,0.0,1.48,0.0
2.68,0.01,1.48,0.0,1.48,0.0
2.68,-0.02,1.48,0.0,1.48,0.0
2.68,0.02,1.48,0.0,1.48,0.0
2.68,0.0,1.48,0.0,1.48,0.0
2.68,0.03,1.48,0.0,1.48,0.0
2.68,-0.02,1.48,0.0,1.48,0.0
2.71,0.0,1.48,0.0,1.48,0.0
2.71,0.01,0.74,0.0,1.48,0.0
2.71,-0.01,0.74,0.0,1.48,0.0
2.71,-0.01,0.74,0.0,1.48,0.0
2.71,-0.05,0.74,0.0,1.48,0.0
2.71,-0.02,0.74,0.0,1.48,0.0
2.71,0.0,0.74,0.0,1.48,0.0
2.71,-0.05,0.74,0.0,1.48,0.0
2.72,-0.02,0.74,0.0,1.48,0.0
2.72,0.0,0.74,0.0,1.48,0.0
2.72,0.0,0.49,0.0,1.48,0.0
2.72,0.03,0.49,0.0,1.48,0.0
2.72,0.02,0.49,0.0,1.48,0.0
2.72,0.01,0.49,0.0,1.48,0.0
2.72,0.0,0.49,0.0,1.48,0.0
2.72,-0.01,0.49,0.0,1.48,0.0
2.72,0.0,0.49,0.0,1.48,0.0
2.77,-0.04,0.49,0.0,1.48,0.0
2.77,-0.03,0.49,0.0,1.48,0.0
2.77,-0.03,0.37,0.0,1.48,0.0
2.77,-0.02,0.37,0.0,1.48,0.0
2.77,-0.01,0.37,0.0,1.48,0.0
2.77,0.02,0.37,0.0,1.48,0.0
2.77,0.02,0.37,0.0,1.48,0.0
2.77,-0.01,0.37,0.0,1.48,0.0
2.77,0.02,0.37,0.0,1.48,0.0
2.79,0.02,0.37,0.0,1.48,0.0
2.79,-0.01,0.37,0.0,1.48,0.0
2.79,0.0,0.3,1.11,1.48,0.06
2.79,0.0,0.3,1.18,1.48,0.05
2.79,-0.01,0.3,1.38,1.48,0.04
2.79,-0.05,0.33,2.05,1.64,81.9
2.79,-0.05,0.33,1.99,1.64,81.91
2.79,-0.02,0.33,1.43,1.64,0.01
2.79,-0.01,0.33,1.33,1.64,0.02
2.79,-0.01,0.33,2.46,1.64,39.53
1.27,-0.01,0.39,2.73,1.97,40.23
1.27,-0.01,0.36,2.54,2.13,40.23
1.27,-0.02,0.36,2.65,2.13,40.23
1.27,-0.01,0.36,2.59,2.13,40.23
1.27,0.0,0.41,89.29,2.46,40.23
1.27,0.02,0.44,145.76,2.62,25.68
1.27,0.0,0.44,156.55,2.62,20.67
1.27,0.0,0.44,132.39,2.62,19.53
1.27,2.68,0.44,127.64,2.62,18.43
0.32,3.5,0.46,146.01,2.79,18.24
0.32,4.61,0.46,139.0,2.79,18.31
0.32,5.55,0.42,147.66,2.95,17.84
0.32,6.74,0.42,124.94,2.95,18.37
0.32,7.68,0.42,127.18,2.95,18.65
0.32,8.6,0.44,139.48,3.11,18.22
0.32,9.37,0.47,145.83,3.28,17.96
0.32,10.26,0.47,127.44,3.28,18.4
0.32,11.18,0.49,137.15,3.44,18.3
0.05,11.95,0.49,137.45,3.44,18.68
0.05,12.85,0.52,134.86,3.61,18.69
0.05,13.74,0.45,133.39,3.61,18.62
0.05,14.74,0.45,131.39,3.61,18.79
0.05,15.43,0.47,135.3,3.77,18.25
0.05,16.45,0.47,128.5,3.77,18.72
0.05,17.25,0.51,125.81,4.1,18.73
0.05,18.06,0.53,136.63,4.26,18.68
0.05,18.78,0.53,139.7,4.26,18.44
-0.01,19.51,0.53,135.2,4.26,18.21
-0.01,20.17,0.53,130.26,4.26,18.6
-0.01,20.69,0.47,133.34,4.26,18.5
-0.01,21.24,0.47,131.41,4.26,18.43
-0.01,21.63,0.47,137.74,4.26,18.74
-0.01,22.04,0.51,120.8,4.59,18.86
-0.01,22.3,0.51,134.44,4.59,18.6
-0.01,22.55,0.51,133.95,4.59,18.63
-0.01,22.72,0.51,131.63,4.59,18.37
-0.02,22.93,0.51,132.29,4.59,18.55
-0.02,23.02,0.51,144.64,4.59,18.32
-0.02,23.1,0.46,140.71,4.59,18.56
-0.02,23.13,0.48,135.25,4.75,18.32
-0.02,23.15,0.48,130.83,4.75,18.56
-0.02,23.07,0.49,137.94,4.92,18.41
-0.02,22.99,0.49,134.84,4.92,18.62
-0.02,22.84,0.51,131.48,5.08,18.66
-0.02,22.64,0.51,130.03,5.08,18.54
-0.01,22.35,0.51,139.79,5.08,18.56
-0.01,22.05,0.51,128.13,5.08,18.75
-0.01,21.7,0.46,134.16,5.08,18.78
-0.01,21.39,0.46,144.0,5.08,18.04
-0.01,20.93,0.49,136.53,5.41,18.62
-0.01,20.47,0.49,128.95,5.41,18.69
-0.01,20.04,0.51,136.18,5.57,18.49
-0.01,19.5,0.52,127.46,5.74,18.84
-0.01,19.03,0.52,135.59,5.74,18.3
0.07,18.49,0.54,137.98,5.9,17.85
0.07,18.02,0.55,133.71,6.07,18.59
0.07,17.42,0.51,131.69,6.07,18.76
0.07,16.96,0.51,141.0,6.07,18.48
0.07,16.42,0.52,139.43,6.23,18.51
0.07,15.93,0.52,133.23,6.23,18.29
0.07,15.37,0.52,133.28,6.23,18.48
0.07,14.93,0.52,136.08,6.23,18.67
0.07,14.49,0.52,148.54,6.23,18.15
0.07,14.07,0.52,137.0,6.23,18.55
0.06,13.7,0.52,136.36,6.23,18.14
0.06,13.3,0.49,129.73,6.39,18.28
0.06,12.89,0.52,131.4,6.72,18.71
0.06,12.51,0.53,135.93,6.89,18.66
0.06,12.26,0.53,132.46,6.89,18.61
0.06,11.92,0.54,134.64,7.05,18.45
0.06,11.69,0.55,135.01,7.21,18.49
0.06,11.39,0.55,145.55,7.21,18.11
0.06,11.17,0.55,133.53,7.21,18.32
0.04,10.97,0.55,138.54,7.21,17.93
0.04,10.76,0.52,130.0,7.21,18.7
0.04,10.6,0.52,134.46,7.21,18.24
0.04,10.43,0.53,131.78,7.38,18.54
0.04,10.3,0.55,136.79,7.7,18.32
0.04,10.18,0.56,139.61,7.87,18.58
0.04,10.06,0.56,131.4,7.87,18.17
0.04,10.0,0.56,134.49,7.87,18.21
0.04,9.9,0.56,134.33,7.87,18.6
0.03,9.81,0.56,135.86,7.87,18.6
0.03,9.7,0.56,129.41,7.87,18.58
0.03,9.65,0.52,133.55,7.87,18.67
0.03,9.52,0.55,131.11,8.2,18.76
0.03,9.49,0.55,137.45,8.2,18.68
0.03,9.44,0.56,136.49,8.36,18.13
0.03,9.42,0.57,123.93,8.52,18.4
0.03,9.34,0.57,140.33,8.52,18.3
0.03,9.3,0.57,129.9,8.52,18.62
0.04,9.29,0.57,136.39,8.52,18.26
0.04,9.25,0.57,137.0,8.52,17.92
0.04,9.23,0.53,135.76,8.52,18.27
0.04,9.23,0.53,136.28,8.52,18.5
0.04,9.21,0.53,132.25,8.52,18.23
0.04,9.15,0.54,142.23,8.69,18.59
0.04,9.15,0.56,126.31,9.02,18.78
0.04,9.13,0.56,134.53,9.02,18.7
0.04,9.15,0.58,134.61,9.34,18.71
-0.04,9.06,0.6,133.4,9.67,18.66
-0.04,9.07,0.61,128.79,9.84,18.41
-0.04,9.03,0.58,134.75,9.84,18.27
-0.04,9.05,0.59,135.29,10.0,18.7
-0.04,9.0,0.61,129.19,10.33,18.53
-0.04,9.02,0.62,132.63,10.49,18.27
-0.04,9.03,0.62,135.29,10.49,18.72
-0.04,9.05,0.63,134.36,10.66,18.33
-0.04,9.05,0.63,135.33,10.66,18.61
-0.03,9.02,0.63,137.14,10.66,18.38
-0.03,9.03,0.63,142.14,10.66,18.36
-0.03,9.06,0.6,126.01,10.82,18.96
-0.03,9.06,0.61,122.94,10.98,18.92
-0.03,9.05,0.61,135.59,10.98,18.67
-0.03,9.03,0.62,135.31,11.15,18.68
-0.03,9.04,0.62,128.79,11.15,18.63
-0.03,8.99,0.63,137.26,11.31,18.42
-0.03,9.0,0.63,134.53,11.31,18.68
0.03,9.04,0.63,133.7,11.31,18.76
0.03,9.05,0.63,126.7,11.31,18.7
0.03,9.02,0.6,134.73,11.31,18.47
0.03,9.04,0.6,137.01,11.31,18.61
0.03,9.08,0.6,126.6,11.31,18.87
0.03,9.1,0.6,131.73,11.31,18.79
0.03,9.1,0.6,135.98,11.31,18.7
0.03,9.13,0.6,134.0,11.31,18.79
0.03,9.18,0.6,126.61,11.31,18.76
0.0,9.13,0.6,139.54,11.31,18.38
0.0,9.16,0.6,138.6,11.31,18.26
0.0,9.14,0.57,131.71,11.31,18.81
0.0,9.17,0.57,131.45,11.48,18.45
0.0,9.17,0.58,134.58,11.64,18.86
0.0,9.2,0.6,129.33,11.97,18.94
0.0,9.18,0.6,140.06,11.97,18.64
0.0,9.21,0.6,139.61,11.97,18.47
0.0,9.18,0.6,139.83,11.97,18.56
0.0,9.2,0.6,134.46,11.97,18.41
0.07,9.25,0.6,128.55,11.97,18.89
0.07,9.25,0.57,134.28,11.97,18.71
0.07,9.28,0.57,132.65,11.97,18.45
0.07,9.28,0.57,127.13,11.97,18.44
0.07,9.27,0.57,136.61,11.97,18.6
0.07,9.3,0.57,133.98,11.97,18.3
0.07,9.33,0.57,133.69,11.97,18.71
0.07,9.35,0.57,134.79,11.97,18.54
0.04,9.32,0.57,131.19,11.97,18.18
0.04,9.3,0.57,138.05,11.97,18.34
0.04,9.34,0.54,129.46,11.97,18.1
0.04,9.33,0.54,128.85,11.97,18.33
0.04,9.34,0.54,130.53,11.97,18.44
0.04,9.36,0.54,136.96,11.97,18.36
0.04,9.37,0.54,128.91,11.97,18.44
0.04,9.37,0.54,131.21,11.97,18.5
0.04,9.38,0.54,136.65,11.97,18.43
0.02,9.41,0.54,131.34,11.97,18.34
0.02,9.42,0.54,131.66,11.97,18.34
0.02,9.46,0.52,131.93,11.97,18.53
0.02,9.45,0.52,133.13,11.97,18.6
0.02,9.47,0.52,132.26,11.97,18.72
0.02,9.44,0.52,134.81,11.97,18.54
0.02,9.47,0.52,135.2,11.97,18.24
0.02,9.43,0.52,133.73,11.97,18.63
0.02,9.44,0.52,133.36,11.97,18.66
0.0,9.46,0.52,133.85,11.97,18.43
0.0,9.46,0.52,134.28,11.97,18.52
0.0,9.42,0.5,128.6,11.97,18.91
0.0,9.45,0.5,130.25,11.97,18.6
0.0,9.5,0.51,125.71,12.13,18.72
0.0,9.5,0.51,130.93,12.13,18.72
0.0,9.49,0.52,133.36,12.46,18.73
0.0,9.55,0.53,132.29,12.62,18.66
0.0,9.54,0.53,132.28,12.62,18.52
-0.04,9.53,0.53,135.55,12.62,18.53
-0.04,9.56,0.53,125.25,12.62,18.5
-0.04,9.57,0.5,121.89,12.62,18.77
-0.04,9.57,0.5,133.31,12.62,18.74
-0.04,9.56,0.5,135.83,12.62,18.74
-0.04,9.58,0.5,125.53,12.62,18.66
-0.04,9.58,0.5,123.83,12.62,18.71
-0.04,9.56,0.5,136.26,12.62,18.27
-0.04,9.57,0.5,132.13,12.62,18.39
-0.02,9.59,0.5,126.78,12.62,18.86
-0.02,9.6,0.5,121.86,12.62,18.56
-0.02,9.63,0.49,125.23,12.62,18.56
-0.02,9.62,0.49,132.03,12.62,18.6
-0.02,9.61,0.49,132.5,12.62,18.41
-0.02,9.61,0.49,135.56,12.62,18.75
-0.02,9.66,0.49,123.46,12.62,19.01
-0.02,9.64,0.49,126.26,12.62,18.93
-0.02,9.68,0.49,127.49,12.62,18.46
-0.01,9.65,0.49,131.26,12.79,18.92
-0.01,9.65,0.49,125.99,12.79,18.92
-0.01,9.62,0.47,126.28,12.79,18.94
-0.01,9.66,0.47,131.6,12.79,18.72
-0.01,9.62,0.48,138.66,12.95,18.58
-0.01,9.63,0.49,130.66,13.11,18.83
-0.01,9.67,0.49,124.03,13.11,18.75
-0.01,9.66,0.49,126.11,13.28,18.98
-0.01,9.63,0.49,135.65,13.28,18.34
-0.01,9.63,0.49,137.4,13.28,18.52
0.01,9.65,0.49,129.99,13.28,18.37
0.01,9.68,0.47,127.95,13.28,18.77
0.01,9.67,0.47,124.8,13.28,18.71
0.01,9.69,0.48,130.15,13.44,18.79
0.01,9.72,0.48,129.71,13.44,18.39
0.01,9.69,0.48,122.75,13.44,18.59
0.01,9.72,0.49,121.11,13.77,18.81
0.01,9.67,0.49,126.21,13.77,18.97
0.01,9.7,0.49,139.85,13.77,18.27
0.09,9.65,0.49,132.28,13.77,18.52
0.09,9.66,0.49,134.19,13.77,18.41
0.09,9.68,0.49,122.33,14.1,18.67
0.09,9.68,0.49,130.08,14.26,18.7
0.09,9.69,0.49,134.13,14.26,18.46
0.09,9.72,0.49,123.85,14.26,18.99
0.09,9.72,0.5,122.9,14.43,18.8
0.09,9.69,0.5,130.18,14.59,18.34
0.09,9.68,0.5,135.18,14.59,18.75
0.04,9.7,0.51,126.13,14.92,18.99
0.04,9.71,0.52,121.76,15.08,18.77
0.04,9.68,0.51,123.73,15.25,18.99
0.04,9.66,0.51,128.9,15.25,18.4
0.04,9.64,0.52,132.73,15.57,18.84
0.04,9.59,0.52,92.96,15.74,19.06
0.04,9.59,0.52,19.84,15.74,25.32
0.04,9.61,0.53,0.0,15.9,0.0
0.04,9.63,0.54,0.0,16.07,0.0
0.02,9.62,0.54,0.0,16.23,0.0
0.02,9.6,0.55,0.0,16.56,0.0
0.02,9.6,0.54,0.0,16.89,0.0
0.02,9.62,0.54,0.0,16.89,0.0
0.02,9.63,0.54,0.0,16.89,0.0
0.02,9.63,0.54,0.0,16.89,0.0
0.02,9.58,0.54,0.0,16.89,0.0
0.02,9.6,0.54,0.0,16.89,0.0
0.44,9.54,0.54,0.0,16.89,0.0
0.44,9.52,0.54,0.0,16.89,0.0
0.44,9.52,0.53,0.0,16.89,0.0
0.44,9.48,0.53,0.0,16.89,0.0
0.44,9.36,0.53,0.0,16.89,0.0
0.44,9.27,0.53,0.0,16.89,0.0
0.44,9.08,0.53,0.0,16.89,0.0
0.44,8.89,0.53,0.0,16.89,0.0
0.44,8.67,0.53,0.0,16.89,0.0
0.96,8.38,0.53,0.0,16.89,0.0
0.96,8.04,0.53,0.0,16.89,0.0
0.96,7.63,0.51,0.0,16.89,0.0
0.96,7.28,0.51,0.0,16.89,0.0
0.96,6.75,0.51,0.0,16.89,0.0
0.96,6.35,0.51,0.0,16.89,0.0
0.96,5.9,0.51,0.0,16.89,0.0
0.96,5.49,0.51,0.0,16.89,0.0
0.96,4.98,0.51,0.0,16.89,0.0
1.47,4.57,0.51,0.0,16.89,0.0
1.47,4.08,0.51,0.0,16.89,0.0
1.47,3.64,0.5,0.0,16.89,0.0
1.47,3.27,0.5,0.0,16.89,0.0
1.47,2.91,0.5,0.0,16.89,0.0
1.47,2.62,0.5,0.0,16.89,0.0
1.47,-0.03,0.5,0.0,16.89,0.0
1.47,-0.02,0.5,0.0,16.89,0.0
1.47,-0.02,0.5,0.0,16.89,0.0
1.93,0.02,0.5,0.0,16.89,0.0
1.93,0.0,0.5,0.0,16.89,0.0
1.93,0.0,0.48,0.0,16.89,0.0
1.93,0.0,0.48,0.0,16.89,0.0
1.93,-0.04,0.48,0.0,16.89,0.0
1.93,-0.04,0.48,0.0,16.89,0.0
1.93,-0.01,0.48,0.0,16.89,0.0
1.8,-0.02,0.03,0.0,1.31,0.0
1.8,0.02,0.03,0.0,1.48,0.0
1.8,-0.03,0.03,0.0,1.64,0.0
1.8,0.02,0.03,0.0,1.8,0.0
1.8,-0.03,0.03,0.0,1.8,0.0
1.8,0.0,0.03,0.0,1.8,0.0
1.81,-0.01,0.03,0.0,1.8,0.0
1.81,0.0,0.03,0.0,1.8,0.0
1.81,0.0,1.8,0.0,1.8,0.0
1.81,0.0,1.8,0.0,1.8,0.0
1.81,-0.01,1.8,0.0,1.8,0.0
1.81,-0.01,1.8,0.0,1.8,0.0
1.81,-0.01,1.8,0.0,1.8,0.0
1.81,-0.01,1.8,0.0,1.8,0.0
1.83,0.0,1.8,0.0,1.8,0.0
1.83,-0.01,1.8,0.0,1.8,0.0
1.83,0.0,0.9,0.0,1.8,0.0
1.83,0.01,0.9,0.0,1.8,0.0
1.83,0.0,0.9,0.0,1.8,0.0
1.83,-0.02,0.9,0.0,1.8,0.0
1.83,0.0,0.9,0.0,1.8,0.0
1.83,0.0,0.9,0.0,1.8,0.0
1.88,-0.04,0.9,0.0,1.8,0.0
1.88,-0.03,0.9,0.0,1.8,0.0
1.88,0.0,0.9,0.0,1.8,0.0
1.88,0.01,0.6,0.0,1.8,0.0
1.88,0.0,0.6,0.0,1.8,0.0
1.88,0.02,0.6,0.0,1.8,0.0
1.88,0.01,0.6,0.0,1.8,0.0
1.88,0.0,0.6,0.0,1.8,0.0
1.88,0.0,0.6,0.0,1.8,0.0
1.88,0.01,0.6,0.0,1.8,0.0
1.88,0.0,0.6,0.0,1.8,0.0
1.88,-0.02,0.6,0.0,1.8,0.0
1.88,-0.01,0.45,0.0,1.8,0.0
1.88,-0.03,0.45,0.0,1.8,0.0
1.88,-0.01,0.45,0.0,1.8,0.0
1.88,-0.01,0.45,0.0,1.8,0.0
1.88,0.03,0.45,0.0,1.8,0.0
1.88,0.02,0.45,0.0,1.8,0.0
1.89,0.01,0.45,0.0,1.8,0.0
1.89,0.0,0.45,0.0,1.8,0.0
1.89,0.02,0.45,0.0,1.8,0.0
1.89,0.01,0.36,1.28,1.8,0.07
1.89,0.0,0.36,1.56,1.8,0.05
1.89,0.0,0.36,1.58,1.8,0.04
1.89,-0.03,0.36,2.11,1.8,0.01
1.89,-0.01,0.36,1.56,1.8,0.02
1.89,-0.01,0.36,1.63,1.8,0.03
0.83,0.01,0.36,1.8,1.8,23.17
0.83,0.0,0.39,2.48,1.97,40.23
0.83,0.01,0.43,2.75,2.13,40.23
0.83,0.0,0.41,17.79,2.46,40.23
0.83,0.03,0.46,246.81,2.79,26.65
0.83,0.02,0.49,280.61,2.95,19.71
0.83,0.0,0.52,286.25,3.11,17.63
0.83,-0.02,0.63,304.6,3.77,16.01
0.83,-0.01,0.85,309.38,5.08,17.12
0.14,0.0,1.07,289.49,6.39,16.7
0.14,0.0,1.2,296.1,7.21,16.46
0.14,0.02,1.39,301.61,8.36,17.6
0.14,0.01,1.36,306.76,9.51,16.8
0.14,0.02,1.48,295.58,10.33,16.87
0.14,2.81,1.64,300.81,11.48,16.95
0.14,3.35,1.78,302.0,12.46,17.11
0.14,3.85,1.92,312.5,13.44,17.76
0.14,4.44,2.06,305.74,14.43,16.74
0.14,4.99,2.18,301.34,15.25,16.21
0.06,5.67,2.32,311.1,16.23,16.36
0.06,6.31,2.46,307.7,17.21,17.05
0.06,6.85,2.23,304.48,17.87,16.99
0.06,7.5,2.36,318.18,18.85,17.45
0.06,8.15,2.48,307.88,19.84,16.79
0.06,8.65,2.62,313.21,20.98,16.32
0.06,9.27,2.75,307.23,21.97,17.23
0.06,9.85,2.89,313.98,23.11,16.22
0.06,10.31,3.01,308.89,24.1,17.05
0.06,10.86,3.14,313.43,25.08,16.95
0.06,11.28,3.28,315.23,26.23,16.98
0.06,11.71,3.06,304.84,27.54,17.04
0.06,12.08,3.22,311.85,29.02,17.34
0.06,12.39,3.35,300.75,30.16,17.14
0.06,12.62,3.46,305.73,31.15,17.78
0.06,12.82,3.57,320.94,32.13,17.18
0.06,12.98,3.66,301.24,32.95,17.34
0.0,13.11,3.77,315.21,33.93,16.73
0.0,13.23,3.88,312.25,34.92,17.45
0.0,13.31,3.95,305.56,35.57,17.8
0.0,13.4,3.64,304.03,36.39,17.44
0.0,13.45,3.74,311.34,37.38,17.43
0.0,13.49,3.84,313.35,38.36,17.36
0.0,13.51,3.92,296.99,39.18,17.61
0.0,13.5,4.02,291.86,40.16,17.42
0.0,13.49,4.08,296.93,40.82,17.64
0.0,13.43,4.21,304.24,42.13,17.45
-0.01,13.39,4.28,303.75,42.79,17.25
-0.01,13.31,4.38,304.39,43.77,17.54
-0.01,13.15,4.04,302.14,44.43,16.94
-0.01,13.03,4.11,308.03,45.25,16.5
-0.01,12.92,4.22,307.71,46.39,17.56
-0.01,12.77,4.31,293.33,47.38,17.87
-0.01,12.57,4.43,306.05,48.69,17.11
-0.01,12.42,4.53,308.28,49.84,17.78
-0.01,12.22,4.63,296.39,50.98,17.24
0.0,12.03,4.75,309.9,52.3,17.97
0.0,11.86,4.86,312.01,53.44,17.51
0.0,11.69,4.93,301.01,54.26,18.24
0.0,11.44,4.64,304.71,55.74,17.91
0.0,11.21,4.75,295.04,57.05,17.04
0.0,11.03,4.85,309.75,58.2,17.86
0.0,10.81,4.95,310.68,59.34,17.55
0.0,10.61,5.01,303.44,60.16,18.18
0.0,10.37,5.12,304.33,61.48,16.8
-0.01,10.19,5.2,304.55,62.46,18.07
-0.01,10.0,5.26,307.11,63.11,16.75
-0.01,9.83,5.34,303.4,64.1,18.1
-0.01,9.61,5.01,301.0,65.08,17.09
-0.01,9.43,5.07,300.89,65.9,17.52
-0.01,9.23,5.15,300.14,66.89,17.23
-0.01,9.07,5.21,290.8,67.7,17.39
-0.01,8.9,5.28,299.28,68.69,16.97
-0.01,8.72,5.37,336.46,69.84,16.4
-0.03,8.6,5.41,283.08,70.33,17.97
-0.03,8.43,5.5,297.54,71.48,17.81
-0.03,8.32,5.56,304.69,72.3,17.0
-0.03,8.2,5.22,296.3,73.11,17.42
-0.03,8.09,5.28,285.29,73.93,17.51
-0.03,7.99,5.35,306.01,74.92,17.74
-0.03,7.9,5.42,312.39,75.9,18.08
-0.03,7.81,5.49,292.25,76.89,17.88
-0.03,7.71,5.56,295.7,77.87,17.83
-0.03,7.62,5.63,296.49,78.85,17.31
-0.03,7.53,5.69,289.93,79.67,17.49
-0.03,7.47,5.75,307.54,80.49,17.32
-0.03,7.41,5.43,299.4,81.48,17.22
-0.03,7.38,5.48,298.18,82.13,17.95
-0.03,7.28,5.53,297.1,82.95,17.35
-0.03,7.24,5.58,298.74,83.77,18.26
-0.03,7.24,5.67,301.08,85.08,16.88
-0.03,7.19,5.73,306.71,85.9,17.12
-0.04,7.18,5.77,289.03,86.56,16.6
-0.04,7.13,5.84,299.9,87.54,18.14
-0.04,7.08,5.89,293.63,88.36,17.37
-0.04,7.04,5.6,298.26,89.67,17.1
-0.04,7.0,5.66,305.74,90.49,17.21
-0.04,7.01,5.72,287.68,91.48,17.45
-0.04,6.99,5.78,301.35,92.46,16.9
-0.04,6.93,5.83,288.61,93.28,17.68
-0.04,6.91,5.89,293.9,94.26,16.2
-0.02,6.92,5.95,306.9,95.25,15.81
-0.02,6.89,6.0,309.24,96.07,16.73
-0.02,6.89,6.08,310.5,97.21,17.78
-0.02,6.88,5.8,318.64,98.52,17.41
-0.02,6.83,5.86,289.64,99.67,18.27
-0.02,6.84,5.93,310.51,100.82,17.07
-0.02,6.81,5.98,299.95,101.64,18.16
-0.02,6.8,6.07,295.85,103.11,18.23
-0.02,6.79,6.14,293.45,104.43,17.22
-0.02,6.76,6.22,293.71,105.74,17.96
0.0,6.75,6.27,303.0,106.56,17.69
0.0,6.74,6.34,307.35,107.7,17.02
0.0,6.73,6.02,307.06,108.36,17.49
0.0,6.73,6.07,295.53,109.34,17.8
0.0,6.75,6.13,283.18,110.33,17.25
0.0,6.76,6.18,301.63,111.31,17.58
0.0,6.74,6.25,286.96,112.46,18.09
0.0,6.74,6.29,294.8,113.28,16.95
0.0,6.74,6.35,288.3,114.26,16.41
0.03,6.74,6.39,304.55,115.08,17.35
0.03,6.73,6.46,293.29,116.23,17.62
0.03,6.74,6.49,289.04,116.89,17.74
0.03,6.71,6.22,308.44,118.2,17.7
0.03,6.71,6.26,310.49,119.02,16.83
0.03,6.72,6.32,316.15,120.16,17.55
0.03,6.7,6.38,296.98,121.31,17.68
0.03,6.73,6.45,294.48,122.62,17.54
0.03,6.73,6.53,315.21,124.1,17.75
0.03,6.7,6.6,307.98,125.41,16.21
0.03,6.73,6.32,310.08,126.39,17.25
0.03,6.74,6.35,300.46,127.05,17.8
0.03,6.73,6.41,295.53,128.2,17.34
0.03,6.73,6.46,299.46,129.18,17.74
0.03,6.72,6.52,302.94,130.33,17.9
0.03,6.77,6.56,294.98,131.15,17.08
0.03,6.79,6.61,305.78,132.3,17.04
0.03,6.79,6.69,310.56,133.77,17.51
0.03,6.82,6.75,304.39,134.92,17.99
0.03,6.84,6.8,303.14,136.07,17.38
0.03,6.83,6.54,307.4,137.38,16.81
0.03,6.84,6.58,313.95,138.2,16.59
0.03,6.84,6.65,301.75,139.67,16.15
0.03,6.84,6.7,314.96,140.66,16.78
0.03,6.84,6.74,316.01,141.48,16.58
0.03,6.85,6.77,316.35,142.13,16.36
0.04,6.85,6.81,307.78,143.11,16.39
0.04,6.87,6.86,305.96,144.1,16.77
0.04,6.89,6.92,313.36,145.25,17.07
0.04,6.94,6.65,311.98,146.39,16.4
0.04,6.94,6.7,304.83,147.38,16.93
0.04,6.94,6.74,300.79,148.36,17.43
0.04,6.96,6.8,317.26,149.51,17.02
0.04,6.98,6.84,314.08,150.49,17.38
0.04,7.01,6.89,315.36,151.48,16.94
0.04,7.01,6.94,312.81,152.79,17.04
0.04,7.01,7.0,326.33,154.1,16.84
0.04,6.99,7.06,315.35,155.25,16.86
0.04,7.02,6.79,299.73,156.23,17.02
0.04,7.02,6.84,310.01,157.21,16.35
0.04,7.05,6.89,299.09,158.36,17.29
0.04,7.08,6.94,296.29,159.51,16.76
0.04,7.05,6.99,296.15,160.82,16.62
0.04,7.08,7.03,297.79,161.64,17.41
0.06,7.11,7.08,293.6,162.79,16.86
0.06,7.11,7.12,305.31,163.77,16.94
0.06,7.09,7.17,308.73,164.92,17.45
0.06,7.11,6.93,310.91,166.23,16.66
0.06,7.12,6.98,310.69,167.54,16.31
0.06,7.1,7.03,295.66,168.69,17.18
0.06,7.14,7.05,305.65,169.18,16.25
0.06,7.16,7.11,317.19,170.66,17.04
0.06,7.16,7.17,288.36,171.97,16.41
0.06,7.17,7.21,295.83,172.95,16.05
0.07,7.16,7.22,272.56,173.28,16.41
0.07,7.21,7.26,311.76,174.26,17.15
0.07,7.22,7.0,294.53,175.08,16.03
0.07,7.23,7.05,298.56,176.23,16.48
0.07,7.23,7.07,292.43,176.72,16.86
0.07,7.23,7.11,295.94,177.7,16.56
0.07,7.22,7.14,309.5,178.52,16.64
0.07,7.22,7.17,282.93,179.34,16.37
0.07,7.26,7.22,288.11,180.49,16.53
0.03,7.27,7.26,287.18,181.48,16.4
0.03,7.24,7.32,301.6,183.11,17.24
0.03,7.23,7.08,302.06,184.1,16.73
0.03,7.28,7.12,306.93,185.25,16.8
0.03,7.29,7.17,287.86,186.39,17.11
0.03,7.33,7.21,289.33,187.38,16.91
0.03,7.34,7.24,290.65,188.2,17.78
0.03,7.32,7.28,295.88,189.18,17.42
0.03,7.28,7.32,288.86,190.33,16.93
0.02,7.32,7.35,301.46,191.15,17.13
0.02,7.32,7.4,294.74,192.3,17.26
0.02,7.33,7.43,289.71,193.28,16.48
0.02,7.32,7.19,297.01,194.26,16.62
0.02,7.32,7.24,299.33,195.57,15.61
0.02,7.34,7.29,284.73,196.72,15.99
0.02,7.35,7.32,302.58,197.7,15.98
0.02,7.39,7.36,309.9,198.85,15.72
0.02,7.39,7.4,316.28,199.67,15.11
-0.01,7.39,7.44,299.36,200.82,15.64
-0.01,7.37,7.49,296.61,202.13,16.53
-0.01,7.37,7.51,294.65,202.79,16.05
-0.01,7.36,7.27,303.16,203.61,15.84
-0.01,7.36,7.3,305.39,204.43,16.52
-0.01,7.37,7.34,301.89,205.41,16.98
-0.01,7.4,7.37,302.68,206.23,16.29
-0.01,7.4,7.39,296.03,207.05,16.62
-0.01,7.41,7.43,300.91,208.03,16.27
-0.01,7.41,7.47,294.08,209.18,16.78
-0.01,7.43,7.49,268.38,209.84,17.63
-0.01,7.45,7.54,283.36,210.98,17.44
-0.01,7.43,7.3,282.88,211.64,17.46
-0.01,7.46,7.31,275.36,212.13,17.46
-0.01,7.45,7.34,278.9,212.79,17.23
-0.01,7.48,7.37,269.18,213.61,17.41
-0.01,7.46,7.39,278.04,214.43,17.07
-0.01,7.46,7.42,276.36,215.08,17.87
-0.01,7.5,7.46,284.76,216.23,17.92
-0.01,7.47,7.24,291.55,217.21,16.89
-0.01,7.47,7.25,290.43,217.54,16.97
-0.01,7.49,7.28,291.66,218.36,16.95
-0.01,7.48,7.31,279.96,219.18,16.78
-0.01,7.48,7.32,282.04,219.51,17.14
-0.01,7.46,7.34,292.03,220.33,17.65
-0.01,7.45,7.36,284.48,220.82,17.5
-0.03,7.45,7.4,288.48,222.13,17.17
-0.03,7.46,7.44,292.04,223.11,17.89
-0.03,7.43,7.46,287.8,223.93,16.88
-0.03,7.43,7.26,278.7,224.92,17.85
-0.03,7.44,7.27,292.71,225.25,17.93
-0.03,7.45,7.29,282.91,225.9,17.35
-0.03,7.43,7.31,293.46,226.72,17.38
-0.03,7.47,7.35,294.66,227.7,18.0
-0.03,7.47,7.37,293.8,228.52,17.55
-0.03,7.45,7.4,297.74,229.51,17.16
-0.03,7.45,7.44,281.51,230.49,17.65
-0.03,7.47,7.47,281.08,231.64,18.33
-0.03,7.43,7.27,281.61,232.62,17.77
-0.03,7.44,7.3,276.76,233.44,18.46
-0.03,7.42,7.31,94.03,233.93,29.35
-0.03,7.41,7.32,14.68,234.1,20.71
-0.03,7.4,7.32,0.0,234.1,0.0
-0.03,7.4,7.32,0.0,234.26,0.0
-0.03,7.44,7.33,0.0,234.43,0.0
-0.04,7.44,7.33,0.0,234.59,0.0
-0.04,7.4,7.34,0.0,234.92,0.0
-0.04,7.39,7.35,0.0,235.08,0.0
-0.04,7.4,7.12,0.0,235.08,0.0
-0.04,7.38,7.12,0.0,235.08,0.0
-0.04,7.37,7.12,0.0,235.08,0.0
-0.04,7.37,7.12,0.0,235.08,0.0
-0.04,7.34,7.12,0.0,235.08,0.0
-0.04,7.32,7.12,0.0,235.08,0.0
0.25,7.32,7.12,0.0,235.08,0.0
0.25,7.32,7.12,0.0,235.08,0.0
0.25,7.29,7.12,0.0,235.08,0.0
0.25,7.28,6.91,0.0,235.08,0.0
0.25,7.24,6.91,0.0,235.08,0.0
0.25,7.19,6.91,0.0,235.08,0.0
0.25,7.12,6.91,0.0,235.08,0.0
0.25,7.07,6.91,0.0,235.08,0.0
0.25,7.0,6.91,0.0,235.08,0.0
0.59,6.91,6.91,0.0,235.08,0.0
0.59,6.81,6.91,0.0,235.08,0.0
0.59,6.69,6.91,0.0,235.08,0.0
0.59,6.56,6.72,0.0,235.08,0.0
0.59,6.41,6.72,0.0,235.08,0.0
0.59,6.31,6.72,0.0,235.08,0.0
0.59,6.15,6.72,0.0,235.08,0.0
0.59,5.98,6.72,0.0,235.08,0.0
0.59,5.83,6.72,0.0,235.08,0.0
0.94,5.69,6.72,0.0,235.08,0.0
0.94,5.51,6.72,0.0,235.08,0.0
0.94,5.31,6.72,0.0,235.08,0.0
0.94,5.18,6.53,0.0,235.08,0.0
0.94,5.03,6.53,0.0,235.08,0.0
0.94,4.9,6.53,0.0,235.08,0.0
0.94,4.79,6.53,0.0,235.08,0.0
0.94,4.57,6.53,0.0,235.08,0.0
0.94,4.47,6.53,0.0,235.08,0.0
1.25,4.31,6.53,0.0,235.08,0.0
1.25,4.18,6.53,0.0,235.08,0.0
1.25,4.01,6.53,0.0,235.08,0.0
1.25,3.88,6.35,0.0,235.08,0.0
1.25,3.78,6.35,0.0,235.08,0.0
1.25,3.67,6.35,0.0,235.08,0.0
3.68,0.01,12.51,0.0,182.3,0.0
3.68,-0.02,12.51,0.0,183.44,0.0
3.68,0.0,12.51,0.0,184.26,0.0
3.68,-0.01,12.51,0.0,184.75,0.0
3.68,-0.01,12.51,0.0,185.08,0.0
3.68,-0.02,12.51,0.0,185.25,0.0
3.68,0.0,12.51,0.0,185.41,0.0
3.7,-0.01,12.51,0.0,185.41,0.0
3.7,0.0,12.51,0.0,185.41,0.0
3.7,-0.01,185.57,0.0,185.57,0.0
3.7,-0.03,185.74,0.0,185.74,0.0
3.7,-0.04,185.74,0.0,185.74,0.0
3.7,-0.03,185.74,0.0,185.74,0.0
3.7,0.03,185.74,0.0,185.74,0.0
3.7,0.0,185.74,0.0,185.74,0.0
3.7,0.03,185.74,0.0,185.74,0.0
3.7,0.0,92.87,0.0,185.74,0.0
3.7,-0.02,92.87,0.0,185.74,0.0
3.7,-0.01,92.87,0.0,185.74,0.0
3.7,0.02,92.87,0.0,185.74,0.0
3.7,0.01,92.87,0.0,185.74,0.0
3.7,0.0,92.87,0.0,185.74,0.0
3.7,0.0,92.87,0.0,185.74,0.0
3.76,0.02,92.87,0.0,185.74,0.0
3.76,0.01,92.87,0.0,185.74,0.0
3.76,0.01,61.91,0.0,185.74,0.0
3.76,0.01,61.91,0.0,185.74,0.0
3.76,0.0,61.91,0.0,185.74,0.0
3.76,0.0,61.91,0.0,185.74,0.0
3.76,-0.04,61.91,0.0,185.74,0.0
3.76,-0.02,61.91,0.0,185.74,0.0
3.76,-0.03,61.91,0.0,185.74,0.0
3.78,-0.01,61.91,0.0,185.74,0.0
3.78,-0.02,61.91,0.0,185.74,0.0
3.78,-0.01,46.43,0.0,185.74,0.0
3.78,-0.02,46.43,0.0,185.74,0.0
3.78,0.0,46.43,0.0,185.74,0.0
3.78,-0.01,46.43,0.0,185.74,0.0
3.78,0.02,46.43,0.0,185.74,0.0
3.78,0.03,46.43,0.0,185.74,0.0
3.78,0.0,46.43,0.0,185.74,0.0
3.77,-0.02,46.43,0.0,185.74,0.0
3.77,-0.02,46.43,0.0,185.74,0.0
3.77,-0.04,37.15,1.63,185.74,81.9
3.77,-0.03,37.15,2.08,185.74,81.89
3.77,-0.03,37.15,1.81,185.74,81.91
3.77,-0.01,37.18,1.46,185.9,81.92
3.77,-0.04,37.25,1.93,186.23,81.9
3.77,-0.04,37.28,1.98,186.39,81.88
3.77,-0.02,37.34,1.3,186.72,0.39
3.77,-0.01,37.38,2.05,186.89,38.76
1.91,0.01,37.7,1.8,188.52,40.23
1.91,0.01,31.97,2.0,191.8,40.23
1.91,0.01,32.4,1.78,194.43,40.23
1.91,0.0,32.95,52.8,197.7,35.02
1.91,0.0,34.51,121.29,207.05,26.47
1.91,0.0,35.9,187.05,215.41,21.08
1.91,3.58,36.83,162.21,220.98,22.2
1.91,5.51,38.44,100.46,230.66,23.34
1.91,7.41,39.45,118.05,236.72,23.38
0.53,9.64,40.74,126.24,244.43,23.54
0.53,11.62,41.97,167.39,251.8,22.45
0.53,13.53,37.03,142.79,259.18,23.38
0.53,15.22,38.17,139.95,267.21,22.54
0.53,16.62,39.16,142.6,274.1,23.06
0.53,18.05,40.23,163.53,281.64,22.94
0.53,19.12,41.24,161.41,288.69,23.18
0.53,20.26,42.48,128.78,297.38,23.62
0.53,21.25,43.47,143.66,304.26,23.3
0.08,22.45,44.54,158.7,311.8,22.83
0.08,23.42,45.5,152.6,318.52,22.91
0.08,24.63,40.82,156.94,326.56,23.17
0.08,25.65,41.72,148.69,333.77,22.96
0.08,26.74,42.79,142.79,342.3,23.21
0.08,27.83,43.79,156.51,350.33,23.11
0.08,28.7,44.69,149.54,357.54,23.24
0.08,29.63,45.7,149.81,365.57,22.43
0.08,30.34,46.56,162.88,372.46,23.06
-0.04,31.07,47.64,148.65,381.15,23.4
-0.04,31.56,48.52,150.34,388.2,22.07
-0.04,32.09,44.01,158.68,396.07,23.26
-0.04,32.47,44.74,150.3,402.62,22.98
-0.04,32.83,45.63,135.24,410.66,23.29
-0.04,33.04,46.34,146.39,417.05,22.4
-0.04,33.29,47.27,145.13,425.41,22.39
-0.04,33.4,48.16,145.09,433.44,22.69
-0.04,33.46,48.96,159.61,440.66,22.81
-0.01,33.39,49.84,135.3,448.52,23.29
-0.01,33.26,50.6,127.65,455.41,23.32
-0.01,33.05,46.39,144.83,463.93,23.4
-0.01,32.76,47.13,148.6,471.31,23.0
-0.01,32.24,47.93,155.28,479.34,23.13
-0.01,31.74,48.56,140.83,485.57,23.18
-0.01,31.02,49.46,119.55,494.59,23.42
-0.01,30.22,50.15,128.13,501.48,22.89
-0.01,29.27,50.92,156.25,509.18,23.14
-0.01,28.23,51.75,157.18,517.54,23.54
-0.01,27.17,52.41,147.7,524.1,22.33
-0.01,26.0,48.42,128.03,532.62,23.41
-0.01,25.03,49.09,120.24,540.0,23.47
-0.01,23.81,49.85,144.78,548.36,23.21
-0.01,22.84,50.49,152.05,555.41,22.87
-0.01,21.78,51.25,166.03,563.77,22.87
-0.01,20.8,51.88,151.29,570.66,22.41
-0.01,19.73,52.59,140.75,578.52,23.69
0.0,18.87,53.19,136.81,585.08,22.56
0.0,17.86,53.95,148.41,593.44,22.44
0.0,16.97,50.12,149.41,601.48,22.51
0.0,16.24,50.7,146.61,608.36,23.04
0.0,15.5,51.37,145.0,616.39,23.32
0.0,14.85,51.94,149.94,623.28,23.28
0.0,14.18,52.65,149.39,631.8,23.29
0.0,13.61,53.29,149.2,639.51,23.34
0.0,13.09,53.92,148.24,647.05,23.38
0.04,12.69,54.51,152.88,654.1,23.24
0.04,12.24,55.15,150.58,661.8,23.3
0.04,11.92,51.41,150.54,668.36,23.15
0.04,11.55,52.04,153.54,676.56,23.14
0.04,11.27,52.64,152.55,684.26,23.19
0.04,11.05,53.18,149.38,691.31,22.96
0.04,10.83,53.85,149.48,700.0,23.0
0.04,10.61,54.49,138.73,708.36,22.38
0.04,10.38,55.17,151.38,717.21,23.05
0.07,10.2,55.89,155.23,726.56,22.57
0.07,10.08,52.61,148.74,736.56,23.27
0.07,9.95,53.35,139.74,746.89,22.49
0.07,9.84,54.05,145.25,756.72,23.38
0.07,9.79,54.26,144.15,759.67,23.02
0.07,9.73,54.87,151.04,768.2,23.3
0.07,9.62,55.4,150.74,775.57,23.26
0.07,9.58,55.89,146.68,782.46,22.74
0.04,9.52,56.45,130.93,790.33,23.34
0.04,9.5,57.05,137.98,798.69,23.46
0.04,9.45,53.7,148.88,805.57,23.27
0.04,9.44,54.22,151.8,813.28,23.31
0.04,9.4,54.68,153.64,820.16,23.08
0.04,9.36,55.23,142.28,828.52,23.48
0.04,9.32,55.69,146.13,835.41,23.39
0.04,9.33,56.27,149.66,844.1,23.28
0.04,9.29,56.84,152.89,852.62,23.24
0.04,9.25,57.43,161.06,861.48,22.91
0.04,9.25,57.88,136.31,868.2,23.38
0.04,9.21,54.72,117.71,875.57,23.48
0.04,9.15,55.23,128.86,883.61,22.61
0.04,9.14,55.66,153.74,890.49,22.75
0.04,9.17,56.15,149.85,898.36,23.42
0.04,9.14,56.58,141.36,905.25,23.49
0.04,9.14,57.07,126.31,913.11,22.33
0.04,9.13,57.5,134.94,920.0,23.42
0.04,9.13,58.03,153.39,928.52,23.16
0.01,9.11,58.46,139.96,935.41,22.9
0.01,9.12,55.51,135.19,943.61,22.73
0.01,9.13,55.9,129.06,950.33,23.67
0.01,9.15,56.37,137.4,958.36,23.36
0.01,9.15,56.84,146.03,966.23,23.3
0.01,9.13,57.24,141.75,973.11,22.48
0.01,9.11,57.71,153.09,981.15,22.96
0.01,9.12,58.11,144.58,987.87,22.66
0.01,9.11,58.59,160.35,996.07,22.79
-0.02,9.11,58.99,150.55,1002.79,23.5
-0.02,9.09,59.49,146.93,1011.31,23.26
-0.02,9.09,56.58,144.15,1018.53,22.95
-0.02,9.09,57.01,158.61,1026.23,22.68
-0.02,9.11,57.41,154.0,1033.44,23.28
-0.02,9.13,57.91,146.3,1042.3,23.33
-0.02,9.16,58.29,143.49,1049.18,23.3
-0.02,9.14,58.69,147.73,1056.39,22.9
-0.02,9.15,59.15,155.4,1064.75,23.1
-0.04,9.17,59.52,153.84,1071.31,22.92
-0.04,9.16,59.99,139.71,1079.84,23.14
-0.04,9.18,57.19,150.26,1086.56,23.33
-0.04,9.18,57.6,147.95,1094.43,23.32
-0.04,9.17,57.97,152.98,1101.48,22.95
-0.04,9.2,58.4,153.88,1109.67,23.05
-0.04,9.19,58.75,152.29,1116.23,22.75
-0.04,9.19,59.19,154.76,1124.59,22.92
-0.04,9.21,59.59,153.43,1132.3,23.09
-0.01,9.2,59.97,154.28,1139.34,23.01
-0.01,9.22,60.38,149.53,1147.21,22.98
-0.01,9.24,57.7,148.43,1153.93,22.5
-0.01,9.26,58.09,150.5,1161.8,22.82
-0.01,9.26,58.43,141.05,1168.69,22.9
-0.01,9.24,58.87,148.09,1177.38,22.7
-0.01,9.26,59.21,146.73,1184.26,22.53
-0.01,9.29,59.61,144.73,1192.3,22.48
-0.01,9.28,59.98,143.61,1199.67,23.21
-0.01,9.26,60.4,152.38,1208.03,23.23
-0.01,9.27,60.76,149.51,1215.25,23.33
-0.01,9.27,58.24,153.51,1222.95,23.21
-0.01,9.24,58.63,130.89,1231.31,23.35
-0.01,9.25,58.96,133.78,1238.2,23.32
-0.01,9.26,59.34,143.29,1246.23,23.33
-0.01,9.29,59.66,156.84,1252.95,23.49
-0.01,9.29,60.05,157.98,1260.98,22.54
-0.01,9.28,60.39,159.19,1268.2,22.81
0.01,9.31,60.78,157.3,1276.39,23.06
0.01,9.33,61.1,152.45,1283.12,22.73
0.01,9.37,58.7,151.93,1291.48,22.93
0.01,9.37,59.02,153.43,1298.36,22.92
0.01,9.38,59.34,155.44,1305.57,23.29
0.01,9.36,59.75,149.03,1314.59,23.52
0.01,9.36,60.06,144.76,1321.31,23.13
0.01,9.33,60.42,122.69,1329.34,23.32
0.01,9.36,60.76,137.31,1336.72,23.25
0.06,9.38,61.13,142.95,1344.75,23.19
0.06,9.38,61.46,148.11,1352.13,23.11
0.06,9.37,59.14,150.21,1360.16,23.09
0.06,9.37,59.42,141.39,1366.72,22.57
0.06,9.4,59.78,130.34,1374.92,22.96
0.06,9.42,60.12,142.3,1382.79,23.07
0.06,9.41,60.47,157.38,1390.82,22.52
0.06,9.44,60.86,160.74,1399.67,23.18
0.06,9.48,61.22,140.99,1408.03,23.01
0.06,9.46,61.62,148.1,1417.21,23.13
0.06,9.47,62.04,160.31,1426.89,22.94
0.06,9.47,59.86,131.48,1436.72,23.46
0.06,9.43,60.26,128.51,1446.23,23.38
0.06,9.45,60.42,117.58,1450.0,23.41
0.06,9.43,60.77,145.28,1458.53,22.56
0.06,9.42,61.09,164.08,1466.23,22.92
0.06,9.41,61.38,144.75,1473.12,23.25
0.06,9.43,61.72,140.3,1481.31,23.48
0.05,9.44,62.01,148.66,1488.2,23.0
0.05,9.45,62.34,140.8,1496.23,22.51
0.05,9.46,60.12,142.28,1502.95,23.38
0.05,9.41,60.44,140.34,1510.98,23.41
0.05,9.41,60.73,141.5,1518.2,23.09
0.05,9.43,61.04,157.03,1526.07,23.1
0.05,9.44,61.32,152.84,1532.95,23.33
0.05,9.44,61.64,159.15,1540.98,23.09
0.05,9.41,61.97,163.35,1549.18,22.52
0.03,9.44,62.28,137.8,1556.89,23.12
0.03,9.36,62.6,123.59,1564.92,23.51
0.03,9.4,60.48,139.68,1572.46,22.94
0.03,9.35,60.75,138.24,1579.51,23.11
0.03,9.36,61.05,148.01,1587.21,22.9
0.03,9.33,61.36,145.94,1595.41,22.97
0.03,9.33,61.61,152.85,1601.97,22.18
0.03,9.33,61.95,129.9,1610.66,22.61
0.03,9.33,62.21,139.45,1617.54,22.82
0.02,9.35,62.53,142.04,1625.9,23.18
0.02,9.35,62.8,142.86,1632.79,23.45
0.02,9.31,60.8,138.91,1641.48,22.94
0.02,9.35,61.08,151.76,1649.18,22.93
0.02,9.33,61.37,141.39,1656.89,23.04
0.02,9.32,61.62,130.66,1663.61,22.84
0.02,9.32,61.92,136.99,1671.97,22.54
0.02,9.32,62.17,143.23,1678.53,23.42
0.02,9.25,62.49,144.49,1687.21,22.62
-0.04,9.27,62.81,142.93,1695.74,22.58
-0.04,9.26,63.07,157.88,1702.79,23.14
-0.04,9.24,61.15,156.29,1712.13,22.88
-0.04,9.26,61.45,156.5,1720.49,22.72
-0.04,9.28,61.72,133.6,1728.03,23.42
-0.04,9.27,61.96,139.3,1734.92,22.69
-0.04,9.27,62.24,136.95,1742.79,23.05
-0.04,9.28,62.48,150.78,1749.51,22.74
-0.04,9.23,62.77,159.53,1757.54,22.49
-0.04,9.24,63.02,149.38,1764.59,23.53
-0.04,9.21,63.3,146.29,1772.46,23.31
-0.04,9.24,61.39,153.71,1780.33,23.08
-0.04,9.2,61.65,144.45,1787.71,23.18
-0.04,9.2,61.89,136.75,1794.75,22.4
-0.04,9.2,62.18,140.94,1803.28,22.61
-0.04,9.2,62.41,147.48,1809.84,22.49
-0.04,9.21,62.69,153.96,1818.03,23.37
-0.04,9.24,62.97,146.39,1826.23,22.71
-0.01,9.23,63.2,144.24,1832.79,23.43
-0.01,9.17,63.48,139.76,1840.82,23.44
-0.01,9.18,61.6,138.64,1848.03,23.2
-0.01,9.18,61.86,137.43,1855.74,23.55
-0.01,9.17,62.09,149.58,1862.79,23.05
-0.01,9.13,62.37,139.78,1870.98,22.96
-0.01,9.14,62.58,148.76,1877.54,22.78
-0.01,9.1,62.86,136.66,1885.9,22.98
-0.01,9.1,63.09,135.25,1892.62,22.95
-0.01,9.06,63.36,139.14,1900.66,22.63
-0.01,9.06,63.62,134.38,1908.69,22.66
-0.01,9.06,61.8,141.83,1915.74,23.14
-0.01,9.06,62.09,140.54,1924.75,23.11
-0.01,9.07,62.32,139.88,1931.8,22.88
-0.01,9.02,62.59,145.84,1940.33,22.74
-0.01,9.02,62.81,150.98,1947.05,22.41
-0.01,9.05,63.06,147.08,1954.92,22.68
-0.01,9.05,63.29,142.44,1961.97,23.35
0.0,9.02,63.54,152.96,1969.84,22.29
0.0,9.05,63.78,155.73,1977.05,22.42
0.0,9.0,61.96,51.11,1982.62,37.46
0.0,8.95,61.98,0.0,1983.44,0.0
0.0,8.96,62.0,0.0,1984.1,0.0
0.0,8.96,62.01,0.0,1984.43,0.0
0.0,8.94,62.02,0.0,1984.75,0.0
0.0,8.93,62.03,0.0,1984.92,0.0
0.0,8.97,62.04,0.0,1985.25,0.0
0.17,8.96,62.04,0.0,1985.41,0.0
0.17,8.94,62.04,0.0,1985.41,0.0
0.17,8.95,60.17,0.0,1985.57,0.0
0.17,8.95,60.17,0.0,1985.57,0.0
0.17,8.98,60.17,0.0,1985.57,0.0
0.17,8.93,60.17,0.0,1985.57,0.0
0.17,8.91,60.17,0.0,1985.57,0.0
0.17,8.89,60.17,0.0,1985.57,0.0
0.17,8.82,60.17,0.0,1985.57,0.0
0.64,8.75,60.17,0.0,1985.57,0.0
0.64,8.6,58.4,0.0,1985.57,0.0
0.64,8.38,58.4,0.0,1985.57,0.0
0.64,8.32,58.4,0.0,1985.57,0.0
0.64,8.09,58.4,0.0,1985.57,0.0
0.64,7.89,58.4,0.0,1985.57,0.0
0.64,7.59,58.4,0.0,1985.57,0.0
0.64,7.32,58.4,0.0,1985.57,0.0
0.64,7.0,58.4,0.0,1985.57,0.0
1.07,6.7,58.4,0.0,1985.57,0.0
1.07,6.26,56.73,0.0,1985.57,0.0
1.07,5.93,56.73,0.0,1985.57,0.0
1.07,5.5,56.73,0.0,1985.57,0.0
1.07,5.17,56.73,0.0,1985.57,0.0
1.07,4.76,56.73,0.0,1985.57,0.0
1.07,4.36,56.73,0.0,1985.57,0.0
1.07,4.01,56.73,0.0,1985.57,0.0
1.07,3.66,56.73,0.0,1985.57,0.0
1.48,3.37,56.73,0.0,1985.57,0.0
1.48,3.03,56.73,0.0,1985.57,0.0
1.48,2.75,55.15,0.0,1985.57,0.0
1.48,-0.01,55.15,0.0,1985.57,0.0
1.48,-0.01,55.15,0.0,1985.57,0.0
1.48,0.0,55.15,0.0,1985.57,0.0
1.48,0.0,55.15,0.0,1985.57,0.0
1.48,0.02,55.15,0.0,1985.57,0.0
1.48,0.0,55.15,0.0,1985.57,0.0
1.91,-0.01,55.15,0.0,1985.57,0.0
1.91,-0.02,55.15,0.0,1985.57,0.0
1.91,-0.02,53.66,0.0,1985.57,0.0
